Date,Open,High,Low,Close,Adj Close,Volume
2011-02-07 00:00:00-05:00,31.700000762939453,32.13999938964844,30.75,31.049999237060547,17.715547561645508,50610600
2011-02-14 00:00:00-05:00,31.049999237060547,31.440000534057617,30.399999618530273,31.3700008392334,17.898130416870117,21115300
2011-02-21 00:00:00-05:00,31.139999389648438,31.43000030517578,30.25,30.5,17.40174674987793,9049400
2011-02-28 00:00:00-05:00,30.56999969482422,30.940000534057617,30.229999542236328,30.850000381469727,17.601436614990234,9279500
2011-03-07 00:00:00-05:00,30.940000534057617,31.040000915527344,29.75,30.100000381469727,17.17352867126465,6783200
2011-03-14 00:00:00-04:00,30.0,30.5,29.600000381469727,30.5,17.40174674987793,9416300
2011-03-21 00:00:00-04:00,30.530000686645508,31.0,29.5,29.520000457763672,16.842605590820312,8936900
2011-03-28 00:00:00-04:00,29.739999771118164,29.93000030517578,29.489999771118164,29.5,16.831199645996094,6390000
2011-04-04 00:00:00-04:00,29.440000534057617,29.700000762939453,29.0,29.329999923706055,16.73420524597168,5085100
2011-04-11 00:00:00-04:00,29.299999237060547,29.40999984741211,28.270000457763672,28.8799991607666,16.47745132446289,6855600
2011-04-18 00:00:00-04:00,28.790000915527344,29.93000030517578,28.229999542236328,29.6299991607666,16.90536880493164,5574500
2011-04-25 00:00:00-04:00,29.809999465942383,29.809999465942383,28.350000381469727,28.579999923706055,16.30629539489746,6068100
2011-05-02 00:00:00-04:00,28.729999542236328,28.989999771118164,27.309999465942383,28.0,16.05324935913086,7005000
2011-05-09 00:00:00-04:00,28.110000610351562,28.690000534057617,27.75,27.93000030517578,16.013113021850586,6074100
2011-05-16 00:00:00-04:00,28.059999465942383,28.899999618530273,26.8700008392334,28.5,16.33991050720215,7669300
2011-05-23 00:00:00-04:00,28.40999984741211,29.280000686645508,28.190000534057617,29.18000030517578,16.72977638244629,12223600
2011-05-30 00:00:00-04:00,29.530000686645508,29.760000228881836,28.440000534057617,29.75,17.056577682495117,9077500
2011-06-06 00:00:00-04:00,29.600000381469727,29.969999313354492,29.25,29.530000686645508,16.93044090270996,6260600
2011-06-13 00:00:00-04:00,29.6200008392334,29.93000030517578,28.889999389648438,29.700000762939453,17.027904510498047,6051400
2011-06-20 00:00:00-04:00,29.610000610351562,29.969999313354492,28.59000015258789,28.600000381469727,16.39724349975586,16603300
2011-06-27 00:00:00-04:00,28.68000030517578,29.280000686645508,28.100000381469727,29.270000457763672,16.7813777923584,7372600
2011-07-04 00:00:00-04:00,29.219999313354492,29.450000762939453,28.690000534057617,28.920000076293945,16.580705642700195,3379100
2011-07-11 00:00:00-04:00,28.700000762939453,28.739999771118164,28.0,28.59000015258789,16.39151382446289,3532800
2011-07-18 00:00:00-04:00,28.399999618530273,28.93000030517578,27.979999542236328,28.360000610351562,16.259647369384766,3959300
2011-07-25 00:00:00-04:00,28.299999237060547,28.399999618530273,27.100000381469727,28.229999542236328,16.185108184814453,11306900
2011-08-01 00:00:00-04:00,28.420000076293945,28.5,24.959999084472656,25.920000076293945,15.02062702178955,7718700
2011-08-08 00:00:00-04:00,25.209999084472656,27.989999771118164,23.65999984741211,26.770000457763672,15.513200759887695,8126100
2011-08-15 00:00:00-04:00,27.190000534057617,27.299999237060547,23.780000686645508,23.81999969482422,13.80367660522461,7496700
2011-08-22 00:00:00-04:00,24.350000381469727,25.309999465942383,23.510000228881836,24.780000686645508,14.360000610351562,4524200
2011-08-29 00:00:00-04:00,24.959999084472656,26.34000015258789,24.700000762939453,25.190000534057617,14.597591400146484,3875000
2011-09-05 00:00:00-04:00,24.75,25.889999389648438,24.610000610351562,24.850000381469727,14.40056324005127,3721000
2011-09-12 00:00:00-04:00,24.639999389648438,25.829999923706055,24.299999237060547,25.5,14.777236938476562,5186100
2011-09-19 00:00:00-04:00,25.219999313354492,27.309999465942383,25.15999984741211,25.520000457763672,14.788830757141113,8463700
2011-09-26 00:00:00-04:00,25.600000381469727,27.360000610351562,25.200000762939453,25.889999389648438,15.003243446350098,5597800
2011-10-03 00:00:00-04:00,25.739999771118164,26.940000534057617,24.65999984741211,26.34000015258789,15.264016151428223,5795900
2011-10-10 00:00:00-04:00,26.8700008392334,27.290000915527344,26.399999618530273,26.889999389648438,15.58273983001709,3645500
2011-10-17 00:00:00-04:00,28.100000381469727,29.75,27.06999969482422,29.219999313354492,16.932973861694336,33909400
2011-10-24 00:00:00-04:00,30.040000915527344,30.5,28.5,29.100000381469727,16.863433837890625,21000200
2011-10-31 00:00:00-04:00,28.899999618530273,29.0,27.40999984741211,28.309999465942383,16.573266983032227,14304500
2011-11-07 00:00:00-05:00,28.350000381469727,28.56999969482422,26.90999984741211,27.56999969482422,16.140050888061523,8396800
2011-11-14 00:00:00-05:00,27.5,28.979999542236328,27.18000030517578,28.25,16.538137435913086,14566800
2011-11-21 00:00:00-05:00,28.3700008392334,29.0,27.969999313354492,29.0,16.977203369140625,8574000
2011-11-28 00:00:00-05:00,29.709999084472656,31.700000762939453,28.690000534057617,31.0,18.148046493530273,15222400
2011-12-05 00:00:00-05:00,31.5,31.969999313354492,29.100000381469727,29.600000381469727,17.32845687866211,10812900
2011-12-12 00:00:00-05:00,29.510000228881836,29.889999389648438,28.5,29.84000015258789,17.46895408630371,14682800
2011-12-19 00:00:00-05:00,29.530000686645508,31.59000015258789,29.5,31.3700008392334,18.364656448364258,6094500
2011-12-26 00:00:00-05:00,31.510000228881836,32.25,31.079999923706055,32.16999816894531,18.83298683166504,5431100
2012-01-02 00:00:00-05:00,32.56999969482422,33.939998626708984,32.04999923706055,32.88999938964844,19.25448989868164,14536000
2012-01-09 00:00:00-05:00,33.20000076293945,33.9900016784668,32.56999969482422,32.86000061035156,19.23693084716797,10732500
2012-01-16 00:00:00-05:00,33.18000030517578,33.439998626708984,32.4900016784668,32.77000045776367,19.18423843383789,7572400
2012-01-23 00:00:00-05:00,34.25,34.25,32.150001525878906,32.380001068115234,18.9559268951416,8311800
2012-01-30 00:00:00-05:00,32.33000183105469,32.959999084472656,31.809999465942383,31.920000076293945,18.86471176147461,9523900
2012-02-06 00:00:00-05:00,31.950000762939453,32.779998779296875,31.760000228881836,32.349998474121094,19.118839263916016,8881800
2012-02-13 00:00:00-05:00,32.5,33.0,32.029998779296875,32.22999954223633,19.047922134399414,9840700
2012-02-20 00:00:00-05:00,32.220001220703125,33.5,31.8700008392334,33.2400016784668,19.64482879638672,7069700
2012-02-27 00:00:00-05:00,33.439998626708984,36.33000183105469,33.22999954223633,36.290000915527344,21.447378158569336,13771400
2012-03-05 00:00:00-05:00,36.38999938964844,37.56999969482422,35.310001373291016,37.52000045776367,22.1743106842041,9618700
2012-03-12 00:00:00-04:00,37.40999984741211,37.65999984741211,35.27000045776367,36.849998474121094,21.778337478637695,10444300
2012-03-19 00:00:00-04:00,36.7400016784668,38.619998931884766,36.31999969482422,38.599998474121094,22.812585830688477,11596500
2012-03-26 00:00:00-04:00,39.119998931884766,39.25,37.7599983215332,38.650001525878906,22.842140197753906,9829600
2012-04-02 00:00:00-04:00,38.880001068115234,40.25,38.380001068115234,39.849998474121094,23.55133056640625,8008300
2012-04-09 00:00:00-04:00,39.13999938964844,40.119998931884766,37.630001068115234,38.40999984741211,22.700302124023438,7676800
2012-04-16 00:00:00-04:00,38.47999954223633,38.599998474121094,35.869998931884766,36.15999984741211,21.37055206298828,11200200
2012-04-23 00:00:00-04:00,35.86000061035156,36.099998474121094,34.68000030517578,35.84000015258789,21.18142318725586,11248600
2012-04-30 00:00:00-04:00,35.83000183105469,37.209999084472656,34.900001525878906,35.25,21.019996643066406,9528900
2012-05-07 00:00:00-04:00,34.959999084472656,35.279998779296875,33.7400016784668,33.9900016784668,20.268648147583008,12126000
2012-05-14 00:00:00-04:00,33.77000045776367,34.5,32.380001068115234,32.5,19.380144119262695,16659100
2012-05-21 00:00:00-04:00,32.540000915527344,34.33000183105469,31.600000381469727,32.41999816894531,19.33244514465332,99579100
2012-05-28 00:00:00-04:00,32.599998474121094,34.189998626708984,32.09000015258789,32.349998474121094,19.290695190429688,43524600
2012-06-04 00:00:00-04:00,32.310001373291016,33.13999938964844,31.020000457763672,31.530000686645508,18.80172348022461,99925700
2012-06-11 00:00:00-04:00,31.84000015258789,31.979999542236328,31.09000015258789,31.899999618530273,19.022357940673828,34856600
2012-06-18 00:00:00-04:00,31.75,32.5099983215332,31.450000762939453,31.68000030517578,18.89116668701172,29656500
2012-06-25 00:00:00-04:00,31.3799991607666,32.27000045776367,30.510000228881836,32.220001220703125,19.213176727294922,30210300
2012-07-02 00:00:00-04:00,32.40999984741211,33.36000061035156,32.029998779296875,32.959999084472656,19.654441833496094,14673700
2012-07-09 00:00:00-04:00,33.0099983215332,34.54999923706055,32.38999938964844,34.540000915527344,20.59661865234375,22305600
2012-07-16 00:00:00-04:00,34.599998474121094,35.540000915527344,34.439998626708984,34.9900016784668,20.864959716796875,61350100
2012-07-23 00:00:00-04:00,34.59000015258789,35.95000076293945,34.459999084472656,35.810001373291016,21.35394287109375,36142200
2012-07-30 00:00:00-04:00,35.970001220703125,36.099998474121094,35.150001525878906,35.88999938964844,21.613412857055664,17319800
2012-08-06 00:00:00-04:00,35.959999084472656,36.630001068115234,34.47999954223633,34.63999938964844,20.860654830932617,38900000
2012-08-13 00:00:00-04:00,34.65999984741211,35.06999969482422,33.66999816894531,34.220001220703125,20.607725143432617,39064200
2012-08-20 00:00:00-04:00,34.83000183105469,35.29999923706055,34.52000045776367,35.290000915527344,21.252092361450195,20940900
2012-08-27 00:00:00-04:00,35.400001525878906,35.86000061035156,35.02000045776367,35.77000045776367,21.541152954101562,18021200
2012-09-03 00:00:00-04:00,35.79999923706055,35.970001220703125,35.400001525878906,35.84000015258789,21.583303451538086,16196100
2012-09-10 00:00:00-04:00,35.83000183105469,36.400001525878906,35.630001068115234,36.22999954223633,21.81816864013672,18902500
2012-09-17 00:00:00-04:00,36.290000915527344,36.5,35.470001220703125,35.70000076293945,21.499000549316406,23485100
2012-09-24 00:00:00-04:00,35.93000030517578,36.04999923706055,35.11000061035156,35.52000045776367,21.39059829711914,17400300
2012-10-01 00:00:00-04:00,35.720001220703125,36.5,35.2400016784668,36.040000915527344,21.703750610351562,17060600
2012-10-08 00:00:00-04:00,36.0,36.04999923706055,34.150001525878906,34.5,20.776338577270508,56487300
2012-10-15 00:00:00-04:00,34.630001068115234,36.130001068115234,34.36000061035156,34.970001220703125,21.059389114379883,40915700
2012-10-22 00:00:00-04:00,35.0099983215332,35.150001525878906,34.15999984741211,34.70000076293945,20.89678382873535,29563200
2012-10-29 00:00:00-04:00,34.7400016784668,35.040000915527344,34.0,34.11000061035156,20.541473388671875,23066900
2012-11-05 00:00:00-05:00,34.060001373291016,34.290000915527344,32.470001220703125,32.58000183105469,19.825782775878906,23610400
2012-11-12 00:00:00-05:00,32.75,32.849998474121094,31.93000030517578,32.29999923706055,19.6553897857666,29437200
2012-11-19 00:00:00-05:00,32.689998626708984,33.90999984741211,32.66999816894531,33.720001220703125,20.51949691772461,15614400
2012-11-26 00:00:00-05:00,33.61000061035156,34.52000045776367,33.02000045776367,33.810001373291016,20.574268341064453,24982200
2012-12-03 00:00:00-05:00,34.060001373291016,34.220001220703125,33.560001373291016,33.58000183105469,20.434307098388672,22318200
2012-12-10 00:00:00-05:00,33.599998474121094,33.9900016784668,33.310001373291016,33.720001220703125,20.51949691772461,22371600
2012-12-17 00:00:00-05:00,33.81999969482422,35.5,33.79999923706055,35.34000015258789,21.505313873291016,30082600
2012-12-24 00:00:00-05:00,35.220001220703125,35.38999938964844,34.29999923706055,34.619998931884766,21.067171096801758,9635800
2012-12-31 00:00:00-05:00,34.63999938964844,37.08000183105469,34.4900016784668,36.709999084472656,22.3389949798584,19287500
2013-01-07 00:00:00-05:00,36.68000030517578,37.380001068115234,36.619998931884766,37.060001373291016,22.551973342895508,22059600
2013-01-14 00:00:00-05:00,37.06999969482422,37.70000076293945,36.540000915527344,37.40999984741211,22.76495361328125,21469300
2013-01-21 00:00:00-05:00,37.33000183105469,37.880001068115234,37.13999938964844,37.25,22.6675968170166,24061200
2013-01-28 00:00:00-05:00,37.54999923706055,38.209999084472656,37.16999816894531,37.4900016784668,22.813640594482422,49940100
2013-02-04 00:00:00-05:00,37.400001525878906,38.16999816894531,36.560001373291016,37.599998474121094,23.108396530151367,31865500
2013-02-11 00:00:00-05:00,37.56999969482422,37.90999984741211,37.349998474121094,37.52000045776367,23.059234619140625,14344100
2013-02-18 00:00:00-05:00,37.52000045776367,37.790000915527344,36.54999923706055,37.0,22.73965072631836,15120000
2013-02-25 00:00:00-05:00,37.040000915527344,37.47999954223633,35.88999938964844,37.2599983215332,22.89944076538086,22775300
2013-03-04 00:00:00-05:00,37.20000076293945,37.779998779296875,36.83000183105469,37.369998931884766,22.967042922973633,15123200
2013-03-11 00:00:00-04:00,37.380001068115234,37.470001220703125,36.38999938964844,36.400001525878906,22.370901107788086,18093100
2013-03-18 00:00:00-04:00,36.209999084472656,37.86000061035156,36.11000061035156,37.619998931884766,23.120689392089844,16477300
2013-03-25 00:00:00-04:00,37.709999084472656,38.79999923706055,37.349998474121094,38.68000030517578,23.772151947021484,15713600
2013-04-01 00:00:00-04:00,38.66999816894531,39.38999938964844,37.2400016784668,37.52000045776367,23.059234619140625,20993500
2013-04-08 00:00:00-04:00,37.52000045776367,39.06999969482422,37.5,38.779998779296875,23.833616256713867,15439700
2013-04-15 00:00:00-04:00,38.54999923706055,39.02000045776367,37.599998474121094,38.869998931884766,23.8889217376709,19771400
2013-04-22 00:00:00-04:00,38.939998626708984,40.09000015258789,38.599998474121094,38.779998779296875,23.833616256713867,17257800
2013-04-29 00:00:00-04:00,39.06999969482422,39.11000061035156,38.41999816894531,38.849998474121094,24.105756759643555,15378500
2013-05-06 00:00:00-04:00,38.959999084472656,39.599998474121094,38.77000045776367,39.45000076293945,24.47804069519043,12921800
2013-05-13 00:00:00-04:00,39.45000076293945,40.47999954223633,39.18000030517578,40.47999954223633,25.117137908935547,12979000
2013-05-20 00:00:00-04:00,40.47999954223633,41.4900016784668,40.130001068115234,40.58000183105469,25.179183959960938,14790000
2013-05-27 00:00:00-04:00,40.9900016784668,41.040000915527344,37.97999954223633,37.97999954223633,23.56593132019043,15431800
2013-06-03 00:00:00-04:00,38.0099983215332,39.61000061035156,37.40999984741211,39.540000915527344,24.533889770507812,16963800
2013-06-10 00:00:00-04:00,39.70000076293945,39.72999954223633,36.95000076293945,38.41999816894531,23.838947296142578,17883200
2013-06-17 00:00:00-04:00,38.66999816894531,38.95000076293945,35.88999938964844,36.279998779296875,22.5111083984375,24872700
2013-06-24 00:00:00-04:00,36.099998474121094,38.790000915527344,35.52000045776367,38.150001525878906,23.671419143676758,29187900
2013-07-01 00:00:00-04:00,38.38999938964844,38.900001525878906,37.869998931884766,38.439998626708984,23.851350784301758,11748200
2013-07-08 00:00:00-04:00,38.52000045776367,40.11000061035156,38.52000045776367,40.06999969482422,24.862747192382812,12994500
2013-07-15 00:00:00-04:00,39.959999084472656,40.45000076293945,39.31999969482422,39.54999923706055,24.54008674621582,15183200
2013-07-22 00:00:00-04:00,39.630001068115234,39.70000076293945,38.439998626708984,38.709999084472656,24.018884658813477,21802900
2013-07-29 00:00:00-04:00,38.209999084472656,38.43000030517578,37.31999969482422,37.650001525878906,23.361167907714844,28068200
2013-08-05 00:00:00-04:00,37.58000183105469,38.2400016784668,37.349998474121094,37.599998474121094,23.573734283447266,19735900
2013-08-12 00:00:00-04:00,37.5,37.779998779296875,36.880001068115234,37.439998626708984,23.473421096801758,20465800
2013-08-19 00:00:00-04:00,37.310001373291016,37.40999984741211,36.349998474121094,37.22999954223633,23.341760635375977,17593300
2013-08-26 00:00:00-04:00,37.310001373291016,38.04999923706055,36.7599983215332,37.93000030517578,23.780635833740234,19683500
2013-09-02 00:00:00-04:00,38.18000030517578,38.29999923706055,34.81999969482422,35.220001220703125,22.081575393676758,58913400
2013-09-09 00:00:00-04:00,35.459999084472656,37.16999816894531,34.970001220703125,35.08000183105469,21.993797302246094,39821800
2013-09-16 00:00:00-04:00,35.29999923706055,36.900001525878906,34.540000915527344,36.209999084472656,22.70226287841797,43049500
2013-09-23 00:00:00-04:00,36.09000015258789,36.34000015258789,35.7400016784668,35.84000015258789,22.47028350830078,15175800
2013-09-30 00:00:00-04:00,35.650001525878906,36.130001068115234,35.11000061035156,35.400001525878906,22.194421768188477,19976400
2013-10-07 00:00:00-04:00,35.150001525878906,35.599998474121094,34.5,35.4900016784668,22.250850677490234,19608100
2013-10-14 00:00:00-04:00,35.400001525878906,35.68000030517578,34.66999816894531,35.33000183105469,22.15053939819336,34700900
2013-10-21 00:00:00-04:00,35.470001220703125,36.68000030517578,35.2599983215332,36.4900016784668,22.87781524658203,49619800
2013-10-28 00:00:00-04:00,36.58000183105469,36.599998474121094,34.939998626708984,35.310001373291016,22.137998580932617,35900600
2013-11-04 00:00:00-05:00,35.43000030517578,35.47999954223633,34.5,35.0,22.195724487304688,21859400
2013-11-11 00:00:00-05:00,35.029998779296875,35.349998474121094,34.349998474121094,35.349998474121094,22.417675018310547,18225400
2013-11-18 00:00:00-05:00,35.33000183105469,35.790000915527344,35.13999938964844,35.52000045776367,22.525487899780273,19039900
2013-11-25 00:00:00-05:00,35.560001373291016,36.27000045776367,35.459999084472656,35.540000915527344,22.538171768188477,14149100
2013-12-02 00:00:00-05:00,35.540000915527344,35.689998626708984,32.81999969482422,33.5099983215332,21.25082015991211,44059200
2013-12-09 00:00:00-05:00,33.459999084472656,33.7599983215332,32.29999923706055,32.83000183105469,20.81958770751953,33675400
2013-12-16 00:00:00-05:00,33.02000045776367,35.220001220703125,32.58000183105469,35.220001220703125,22.33524513244629,46749200
2013-12-23 00:00:00-05:00,35.349998474121094,35.939998626708984,35.25,35.90999984741211,22.772815704345703,11928100
2013-12-30 00:00:00-05:00,35.97999954223633,36.5099983215332,35.75,35.970001220703125,22.810871124267578,15446900
2014-01-06 00:00:00-05:00,36.060001373291016,36.34000015258789,35.58000183105469,35.900001525878906,22.7664794921875,19863600
2014-01-13 00:00:00-05:00,35.88999938964844,35.959999084472656,35.43000030517578,35.56999969482422,22.55719566345215,36212400
2014-01-20 00:00:00-05:00,35.959999084472656,36.45000076293945,35.41999816894531,35.470001220703125,22.493785858154297,25951500
2014-01-27 00:00:00-05:00,35.7599983215332,35.959999084472656,33.599998474121094,34.0099983215332,21.567899703979492,37954600
2014-02-03 00:00:00-05:00,34.060001373291016,34.189998626708984,33.0099983215332,33.9900016784668,21.804306030273438,33321000
2014-02-10 00:00:00-05:00,33.970001220703125,34.13999938964844,33.459999084472656,33.779998779296875,21.669591903686523,25141700
2014-02-17 00:00:00-05:00,33.810001373291016,33.93000030517578,32.849998474121094,33.029998779296875,21.188472747802734,24964500
2014-02-24 00:00:00-05:00,32.279998779296875,33.119998931884766,31.450000762939453,31.850000381469727,20.4315128326416,68538300
2014-03-03 00:00:00-05:00,31.719999313354492,32.54999923706055,31.489999771118164,32.0,20.527738571166992,35515400
2014-03-10 00:00:00-04:00,32.02000045776367,32.16999816894531,30.93000030517578,31.700000762939453,20.33529281616211,46259900
2014-03-17 00:00:00-04:00,31.770000457763672,31.850000381469727,30.809999465942383,31.149999618530273,19.982471466064453,28195000
2014-03-24 00:00:00-04:00,31.31999969482422,32.47999954223633,31.18000030517578,32.13999938964844,20.617549896240234,25941500
2014-03-31 00:00:00-04:00,32.2400016784668,33.40999984741211,32.040000915527344,33.02000045776367,21.18206214904785,18738300
2014-04-07 00:00:00-04:00,32.97999954223633,33.25,32.209999084472656,32.290000915527344,20.71377182006836,28363700
2014-04-14 00:00:00-04:00,32.689998626708984,33.95000076293945,32.2400016784668,33.77000045776367,21.663179397583008,24754600
2014-04-21 00:00:00-04:00,33.90999984741211,33.97999954223633,33.0,33.0,21.169233322143555,27692800
2014-04-28 00:00:00-04:00,32.720001220703125,33.20000076293945,32.2599983215332,32.720001220703125,20.989620208740234,28295500
2014-05-05 00:00:00-04:00,32.54999923706055,33.04999923706055,32.099998474121094,32.150001525878906,20.889827728271484,23771900
2014-05-12 00:00:00-04:00,32.36000061035156,33.83000183105469,32.099998474121094,33.45000076293945,21.734519958496094,35825300
2014-05-19 00:00:00-04:00,33.38999938964844,33.97999954223633,33.130001068115234,33.68000030517578,21.883968353271484,25401700
2014-05-26 00:00:00-04:00,33.75,33.810001373291016,33.27000045776367,33.38999938964844,21.695537567138672,27184100
2014-06-02 00:00:00-04:00,33.45000076293945,35.279998779296875,33.33000183105469,35.08000183105469,22.793636322021484,27557600
2014-06-09 00:00:00-04:00,35.099998474121094,35.38999938964844,34.7599983215332,35.189998626708984,22.8651123046875,18197500
2014-06-16 00:00:00-04:00,35.220001220703125,36.5,34.619998931884766,36.029998779296875,23.410903930664062,35931200
2014-06-23 00:00:00-04:00,36.040000915527344,36.33000183105469,35.529998779296875,36.040000915527344,23.41740608215332,31482400
2014-06-30 00:00:00-04:00,36.119998931884766,36.369998931884766,35.540000915527344,35.650001525878906,23.16400146484375,17877100
2014-07-07 00:00:00-04:00,35.56999969482422,35.79999923706055,35.20000076293945,35.630001068115234,23.151004791259766,20014600
2014-07-14 00:00:00-04:00,35.79999923706055,37.59000015258789,35.72999954223633,37.54999923706055,24.398542404174805,33401300
2014-07-21 00:00:00-04:00,37.54999923706055,38.04999923706055,37.290000915527344,37.900001525878906,24.625965118408203,22985500
2014-07-28 00:00:00-04:00,37.95000076293945,37.95000076293945,35.209999084472656,35.4900016784668,23.060035705566406,25878000
2014-08-04 00:00:00-04:00,35.61000061035156,36.349998474121094,35.20000076293945,36.119998931884766,23.739511489868164,17496800
2014-08-11 00:00:00-04:00,42.40999984741211,42.4900016784668,37.619998931884766,41.43000030517578,27.229454040527344,276277200
2014-08-18 00:00:00-04:00,41.15999984741211,41.81999969482422,40.619998931884766,40.810001373291016,26.821962356567383,80843800
2014-08-25 00:00:00-04:00,40.86000061035156,41.06999969482422,39.5,40.2599983215332,26.460487365722656,66474900
2014-09-01 00:00:00-04:00,40.310001373291016,40.310001373291016,38.869998931884766,39.310001373291016,25.836105346679688,37116100
2014-09-08 00:00:00-04:00,39.2599983215332,39.2599983215332,37.43000030517578,37.7599983215332,24.817378997802734,53495800
2014-09-15 00:00:00-04:00,37.70000076293945,38.540000915527344,37.5,37.970001220703125,24.955406188964844,49452800
2014-09-22 00:00:00-04:00,37.849998474121094,38.66999816894531,37.34000015258789,38.38999938964844,25.231443405151367,52962400
2014-09-29 00:00:00-04:00,38.18000030517578,39.599998474121094,37.900001525878906,38.86000061035156,25.540348052978516,57788700
2014-10-06 00:00:00-04:00,38.9900016784668,39.04999923706055,35.630001068115234,36.470001220703125,23.969541549682617,62780700
2014-10-13 00:00:00-04:00,36.4900016784668,37.869998931884766,33.25,36.810001373291016,24.193004608154297,115096700
2014-10-20 00:00:00-04:00,36.95000076293945,39.209999084472656,36.81999969482422,39.029998779296875,25.652074813842773,66365000
2014-10-27 00:00:00-04:00,38.90999984741211,39.2599983215332,37.84000015258789,38.70000076293945,25.4351863861084,54180000
2014-11-03 00:00:00-05:00,38.720001220703125,39.0,37.20000076293945,38.75,25.75737762451172,74153300
2014-11-10 00:00:00-05:00,38.880001068115234,39.560001373291016,38.16999816894531,39.369998931884766,26.169506072998047,84100600
2014-11-17 00:00:00-05:00,39.34000015258789,41.45000076293945,39.22999954223633,39.75,26.422094345092773,175776400
2014-11-24 00:00:00-05:00,40.08000183105469,42.40999984741211,39.9900016784668,41.349998474121094,27.48562240600586,356462600
2014-12-01 00:00:00-05:00,41.150001525878906,42.15999984741211,39.90999984741211,41.119998931884766,27.33274269104004,230825200
2014-12-08 00:00:00-05:00,40.97999954223633,41.08000183105469,38.880001068115234,39.16999816894531,26.03656005859375,132824300
2014-12-15 00:00:00-05:00,39.369998931884766,41.75,37.060001373291016,41.630001068115234,27.671741485595703,149731700
2014-12-22 00:00:00-05:00,40.59000015258789,42.810001373291016,40.5,42.70000076293945,28.382978439331055,45124900
2014-12-29 00:00:00-05:00,42.689998626708984,43.18000030517578,42.209999084472656,42.810001373291016,28.456106185913086,39991800
2015-01-05 00:00:00-05:00,42.31999969482422,42.689998626708984,40.220001220703125,41.810001373291016,27.7913875579834,73629500
2015-01-12 00:00:00-05:00,41.599998474121094,42.0,40.220001220703125,41.529998779296875,27.605270385742188,59172500
2015-01-19 00:00:00-05:00,41.790000915527344,42.93000030517578,41.25,42.27000045776367,28.097150802612305,47616600
2015-01-26 00:00:00-05:00,42.59000015258789,42.650001525878906,39.95000076293945,41.04999923706055,27.28621482849121,61886800
2015-02-02 00:00:00-05:00,41.36000061035156,41.970001220703125,40.34000015258789,41.40999984741211,27.828277587890625,59755600
2015-02-09 00:00:00-05:00,41.43000030517578,41.9900016784668,40.9900016784668,41.970001220703125,28.204614639282227,41063200
2015-02-16 00:00:00-05:00,41.97999954223633,42.25,41.58000183105469,41.869998931884766,28.137407302856445,34515600
2015-02-23 00:00:00-05:00,41.720001220703125,42.33000183105469,40.810001373291016,41.0099983215332,27.559473037719727,44273200
2015-03-02 00:00:00-05:00,41.02000045776367,41.279998779296875,40.25,40.40999984741211,27.156261444091797,40874900
2015-03-09 00:00:00-04:00,40.310001373291016,40.529998779296875,39.45000076293945,39.91999816894531,26.82697105407715,42888800
2015-03-16 00:00:00-04:00,39.779998779296875,42.119998931884766,39.720001220703125,42.119998931884766,28.305418014526367,62745100
2015-03-23 00:00:00-04:00,42.02000045776367,42.29999923706055,41.099998474121094,41.27000045776367,27.734195709228516,41148200
2015-03-30 00:00:00-04:00,41.959999084472656,42.45000076293945,41.560001373291016,41.720001220703125,28.036603927612305,36792700
2015-04-06 00:00:00-04:00,41.709999084472656,42.95000076293945,41.59000015258789,42.93000030517578,28.849746704101562,39973900
2015-04-13 00:00:00-04:00,42.91999816894531,44.09000015258789,42.84000015258789,43.900001525878906,29.50160789489746,59365700
2015-04-20 00:00:00-04:00,44.02000045776367,44.709999084472656,43.400001525878906,44.34000015258789,29.79729461669922,45102200
2015-04-27 00:00:00-04:00,44.45000076293945,44.52000045776367,42.720001220703125,43.130001068115234,28.984153747558594,44392500
2015-05-04 00:00:00-04:00,43.2400016784668,43.34000015258789,42.29999923706055,43.029998779296875,29.23508644104004,32958200
2015-05-11 00:00:00-04:00,42.9900016784668,43.0,41.939998626708984,42.619998931884766,28.956527709960938,39912500
2015-05-18 00:00:00-04:00,42.630001068115234,42.9900016784668,42.25,42.689998626708984,29.00408172607422,30304600
2015-05-25 00:00:00-04:00,42.5,42.5,41.41999816894531,41.4900016784668,28.18878936767578,34776800
2015-06-01 00:00:00-04:00,41.369998931884766,41.470001220703125,39.77000045776367,40.400001525878906,27.448226928710938,53131300
2015-06-08 00:00:00-04:00,40.2400016784668,40.689998626708984,38.33000183105469,38.91999816894531,26.442697525024414,61201900
2015-06-15 00:00:00-04:00,38.38999938964844,40.25,38.38999938964844,39.540000915527344,26.863941192626953,71563600
2015-06-22 00:00:00-04:00,39.79999923706055,40.279998779296875,38.560001373291016,38.959999084472656,26.469873428344727,80996300
2015-06-29 00:00:00-04:00,38.7400016784668,39.11000061035156,37.7400016784668,38.029998779296875,25.8380184173584,42465900
2015-07-06 00:00:00-04:00,37.619998931884766,38.16999816894531,37.099998474121094,38.09000015258789,25.878786087036133,50886700
2015-07-13 00:00:00-04:00,38.279998779296875,38.58000183105469,36.45000076293945,36.88999938964844,25.063491821289062,58462700
2015-07-20 00:00:00-04:00,36.880001068115234,36.88999938964844,34.650001525878906,34.849998474121094,23.677499771118164,75358100
2015-07-27 00:00:00-04:00,34.650001525878906,35.91999816894531,34.119998931884766,34.63999938964844,23.534822463989258,82940200
2015-08-03 00:00:00-04:00,34.349998474121094,34.380001068115234,31.09000015258789,32.13999938964844,22.141298294067383,94595100
2015-08-10 00:00:00-04:00,32.22999954223633,34.29999923706055,32.060001373291016,33.959999084472656,23.395099639892578,82564200
2015-08-17 00:00:00-04:00,34.0099983215332,34.810001373291016,31.790000915527344,31.790000915527344,21.900184631347656,72057200
2015-08-24 00:00:00-04:00,29.549999237060547,33.06999969482422,28.5,32.630001068115234,22.478864669799805,91905200
2015-08-31 00:00:00-04:00,32.439998626708984,32.83000183105469,30.600000381469727,30.770000457763672,21.1975040435791,74085300
2015-09-07 00:00:00-04:00,31.040000915527344,31.530000686645508,29.809999465942383,30.100000381469727,20.735937118530273,50373600
2015-09-14 00:00:00-04:00,29.989999771118164,31.280000686645508,29.700000762939453,30.3799991607666,20.928831100463867,80764900
2015-09-21 00:00:00-04:00,30.510000228881836,30.8700008392334,28.360000610351562,29.420000076293945,20.26749038696289,70606100
2015-09-28 00:00:00-04:00,29.170000076293945,29.639999389648438,25.809999465942383,29.6299991607666,20.41215705871582,120037500
2015-10-05 00:00:00-04:00,30.010000228881836,32.88999938964844,29.950000762939453,32.349998474121094,22.285964965820312,83127700
2015-10-12 00:00:00-04:00,32.43000030517578,32.790000915527344,31.18000030517578,32.209999084472656,22.189523696899414,51087700
2015-10-19 00:00:00-04:00,31.68000030517578,32.20000076293945,28.920000076293945,29.229999542236328,20.136594772338867,94021400
2015-10-26 00:00:00-04:00,28.06999969482422,28.540000915527344,26.600000381469727,27.350000381469727,18.841461181640625,128143900
2015-11-02 00:00:00-05:00,26.360000610351562,27.780000686645508,25.200000762939453,26.059999465942383,18.289018630981445,115469300
2015-11-09 00:00:00-05:00,26.139999389648438,26.299999237060547,22.56999969482422,23.350000381469727,16.387134552001953,106335900
2015-11-16 00:00:00-05:00,23.350000381469727,24.329999923706055,23.110000610351562,23.389999389648438,16.415205001831055,99855700
2015-11-23 00:00:00-05:00,23.479999542236328,24.6200008392334,23.280000686645508,23.8700008392334,16.75206756591797,65372700
2015-11-30 00:00:00-05:00,23.81999969482422,23.989999771118164,16.559999465942383,16.81999969482422,11.80434799194336,344949100
2015-12-07 00:00:00-05:00,15.65999984741211,17.450000762939453,15.0600004196167,16.65999984741211,11.692058563232422,655790600
2015-12-14 00:00:00-05:00,16.309999465942383,16.489999771118164,15.010000228881836,15.140000343322754,10.625319480895996,261499400
2015-12-21 00:00:00-05:00,15.069999694824219,16.65999984741211,14.220000267028809,16.079999923706055,11.285013198852539,142971600
2015-12-28 00:00:00-05:00,15.789999961853027,15.829999923706055,14.399999618530273,14.920000076293945,10.47092056274414,125980800
2016-01-04 00:00:00-05:00,14.890000343322754,15.649999618530273,14.130000114440918,14.770000457763672,10.365650177001953,148683900
2016-01-11 00:00:00-05:00,14.869999885559082,14.920000076293945,12.75,13.0,9.123456001281738,199341200
2016-01-18 00:00:00-05:00,13.170000076293945,15.819999694824219,11.199999809265137,15.34000015258789,10.765678405761719,216797300
2016-01-25 00:00:00-05:00,15.140000343322754,16.469999313354492,14.069999694824219,16.450000762939453,11.544679641723633,195630300
2016-02-01 00:00:00-05:00,15.970000267028809,16.200000762939453,14.3100004196167,15.65999984741211,11.087722778320312,153026200
2016-02-08 00:00:00-05:00,14.9399995803833,15.399999618530273,13.260000228881836,14.960000038146973,10.592103004455566,145661100
2016-02-15 00:00:00-05:00,15.539999961853027,17.950000762939453,15.34000015258789,17.3700008392334,12.298450469970703,149256700
2016-02-22 00:00:00-05:00,17.3700008392334,18.209999084472656,16.719999313354492,17.760000228881836,12.5745849609375,102339900
2016-02-29 00:00:00-05:00,17.979999542236328,19.31999969482422,17.809999465942383,18.520000457763672,13.11268424987793,133305500
2016-03-07 00:00:00-05:00,18.579999923706055,19.010000228881836,17.350000381469727,18.6200008392334,13.18348503112793,126594500
2016-03-14 00:00:00-04:00,18.3799991607666,19.200000762939453,17.670000076293945,18.729999542236328,13.261368751525879,109312700
2016-03-21 00:00:00-04:00,18.709999084472656,18.770000457763672,17.0,18.09000015258789,12.80823040008545,74744900
2016-03-28 00:00:00-04:00,18.110000610351562,18.18000030517578,17.049999237060547,17.309999465942383,12.25596809387207,93386500
2016-04-04 00:00:00-04:00,17.31999969482422,18.110000610351562,16.84000015258789,17.940000534057617,12.702025413513184,76610000
2016-04-11 00:00:00-04:00,18.020000457763672,18.889999389648438,17.780000686645508,18.15999984741211,12.857789039611816,77235100
2016-04-18 00:00:00-04:00,17.6200008392334,19.399999618530273,17.5,18.1200008392334,12.829471588134766,113336500
2016-04-25 00:00:00-04:00,18.100000381469727,18.68000030517578,17.399999618530273,17.760000228881836,12.5745849609375,94521100
2016-05-02 00:00:00-04:00,17.729999542236328,17.760000228881836,16.829999923706055,16.850000381469727,12.012372970581055,74331800
2016-05-09 00:00:00-04:00,16.850000381469727,17.389999389648438,16.6299991607666,17.1299991607666,12.211986541748047,69258400
2016-05-16 00:00:00-04:00,17.34000015258789,17.959999084472656,16.81999969482422,17.75,12.653983116149902,84744900
2016-05-23 00:00:00-04:00,17.530000686645508,18.06999969482422,17.1200008392334,17.850000381469727,12.72527027130127,65464000
2016-05-30 00:00:00-04:00,17.860000610351562,18.25,17.719999313354492,17.989999771118164,12.825079917907715,47400700
2016-06-06 00:00:00-04:00,18.149999618530273,18.75,17.469999313354492,17.510000228881836,12.48288631439209,70595100
2016-06-13 00:00:00-04:00,17.239999771118164,18.040000915527344,17.06999969482422,18.040000915527344,12.860725402832031,63885600
2016-06-20 00:00:00-04:00,18.31999969482422,18.950000762939453,17.850000381469727,17.989999771118164,12.825079917907715,94563300
2016-06-27 00:00:00-04:00,17.670000076293945,18.799999237060547,17.15999984741211,18.700000762939453,13.331238746643066,94268200
2016-07-04 00:00:00-04:00,18.459999084472656,18.719999313354492,17.950000762939453,18.540000915527344,13.21717643737793,55259800
2016-07-11 00:00:00-04:00,19.0,21.110000610351562,18.860000610351562,21.030000686645508,14.992295265197754,111222000
2016-07-18 00:00:00-04:00,21.0,22.309999465942383,20.760000228881836,21.219999313354492,15.127747535705566,132501300
2016-07-25 00:00:00-04:00,21.09000015258789,21.1299991607666,19.899999618530273,20.329999923706055,14.49326229095459,76248200
2016-08-01 00:00:00-04:00,20.09000015258789,20.450000762939453,19.459999084472656,20.360000610351562,14.604806900024414,63160100
2016-08-08 00:00:00-04:00,20.520000457763672,21.389999389648438,20.399999618530273,21.06999969482422,15.114105224609375,55205800
2016-08-15 00:00:00-04:00,21.270000457763672,22.790000915527344,21.219999313354492,22.280000686645508,15.982071876525879,85086700
2016-08-22 00:00:00-04:00,22.030000686645508,22.31999969482422,21.3799991607666,21.469999313354492,15.40103816986084,61942100
2016-08-29 00:00:00-04:00,21.389999389648438,22.040000915527344,21.229999542236328,21.920000076293945,15.723841667175293,52631100
2016-09-05 00:00:00-04:00,22.030000686645508,23.0,21.760000228881836,22.1200008392334,15.867300987243652,79359900
2016-09-12 00:00:00-04:00,21.709999084472656,22.600000381469727,21.219999313354492,21.469999313354492,15.40103816986084,103311700
2016-09-19 00:00:00-04:00,21.670000076293945,22.469999313354492,21.530000686645508,21.940000534057617,15.738181114196777,77996000
2016-09-26 00:00:00-04:00,22.0,23.200000762939453,21.43000030517578,23.1299991607666,16.591806411743164,76539500
2016-10-03 00:00:00-04:00,23.18000030517578,23.360000610351562,21.56999969482422,21.68000030517578,15.551678657531738,59969200
2016-10-10 00:00:00-04:00,21.84000015258789,21.959999084472656,20.290000915527344,20.360000610351562,14.604806900024414,87747500
2016-10-17 00:00:00-04:00,20.360000610351562,21.450000762939453,19.969999313354492,21.110000610351562,15.142805099487305,108681200
2016-10-24 00:00:00-04:00,21.299999237060547,21.729999542236328,20.3700008392334,20.43000030517578,14.65501880645752,87272800
2016-10-31 00:00:00-04:00,20.399999618530273,20.649999618530273,19.43000030517578,19.8700008392334,14.338785171508789,66942000
2016-11-07 00:00:00-05:00,20.06999969482422,21.979999542236328,20.0,20.649999618530273,14.901656150817871,82652100
2016-11-14 00:00:00-05:00,20.600000381469727,21.850000381469727,20.579999923706055,21.670000076293945,15.637724876403809,58187100
2016-11-21 00:00:00-05:00,21.959999084472656,22.040000915527344,21.579999923706055,21.809999465942383,15.738746643066406,38761900
2016-11-28 00:00:00-05:00,21.799999237060547,22.549999237060547,21.049999237060547,21.360000610351562,15.414016723632812,78709800
2016-12-05 00:00:00-05:00,21.219999313354492,21.649999618530273,20.610000610351562,21.09000015258789,15.219175338745117,82059500
2016-12-12 00:00:00-05:00,21.309999465942383,21.719999313354492,20.75,21.34000015258789,15.399581909179688,80297200
2016-12-19 00:00:00-05:00,21.299999237060547,21.350000381469727,20.719999313354492,21.1299991607666,15.248040199279785,58933000
2016-12-26 00:00:00-05:00,21.110000610351562,21.440000534057617,20.6200008392334,20.709999084472656,14.944952011108398,40010300
2017-01-02 00:00:00-05:00,20.920000076293945,21.90999984741211,20.8799991607666,21.809999465942383,15.738746643066406,45194800
2017-01-09 00:00:00-05:00,21.559999465942383,22.489999771118164,21.420000076293945,22.420000076293945,16.178945541381836,65679300
2017-01-16 00:00:00-05:00,22.5,22.940000534057617,21.860000610351562,22.489999771118164,16.229459762573242,61934700
2017-01-23 00:00:00-05:00,22.559999465942383,22.75,22.079999923706055,22.3799991607666,16.15007972717285,64248700
2017-01-30 00:00:00-05:00,22.219999313354492,23.010000228881836,21.829999923706055,22.940000534057617,16.554187774658203,51347200
2017-02-06 00:00:00-05:00,22.920000076293945,22.969999313354492,21.81999969482422,22.479999542236328,16.313356399536133,63619100
2017-02-13 00:00:00-05:00,22.43000030517578,22.639999389648438,21.579999923706055,21.770000457763672,15.798127174377441,62995300
2017-02-20 00:00:00-05:00,21.81999969482422,22.100000381469727,21.1200008392334,21.239999771118164,15.41351318359375,45566100
2017-02-27 00:00:00-05:00,21.309999465942383,21.979999542236328,21.200000762939453,21.75,15.783610343933105,50325500
2017-03-06 00:00:00-05:00,21.690000534057617,21.959999084472656,20.81999969482422,21.5,15.602189064025879,58461300
2017-03-13 00:00:00-04:00,21.450000762939453,21.739999771118164,20.950000762939453,21.280000686645508,15.442537307739258,51257000
2017-03-20 00:00:00-04:00,21.100000381469727,21.440000534057617,20.709999084472656,21.149999618530273,15.348200798034668,59577000
2017-03-27 00:00:00-04:00,20.969999313354492,21.770000457763672,20.860000610351562,21.739999771118164,15.776348114013672,58868300
2017-04-03 00:00:00-04:00,21.739999771118164,21.920000076293945,21.31999969482422,21.559999465942383,15.645724296569824,44290000
2017-04-10 00:00:00-04:00,21.649999618530273,21.850000381469727,21.350000381469727,21.389999389648438,15.522360801696777,35576000
2017-04-17 00:00:00-04:00,21.399999618530273,21.489999771118164,20.219999313354492,20.270000457763672,14.7095947265625,74490500
2017-04-24 00:00:00-04:00,20.440000534057617,21.219999313354492,20.3799991607666,20.6299991607666,14.970844268798828,54550700
2017-05-01 00:00:00-04:00,20.610000610351562,20.719999313354492,19.600000381469727,20.190000534057617,14.739611625671387,56615700
2017-05-08 00:00:00-04:00,20.190000534057617,20.440000534057617,19.84000015258789,19.90999984741211,14.535202026367188,64677200
2017-05-15 00:00:00-04:00,20.209999084472656,20.290000915527344,19.31999969482422,19.520000457763672,14.250478744506836,63006100
2017-05-22 00:00:00-04:00,19.6299991607666,19.790000915527344,19.170000076293945,19.25,14.05337142944336,61666100
2017-05-29 00:00:00-04:00,18.969999313354492,19.09000015258789,18.309999465942383,18.950000762939453,13.834357261657715,79288500
2017-06-05 00:00:00-04:00,18.899999618530273,19.149999618530273,18.56999969482422,19.079999923706055,13.929264068603516,60509400
2017-06-12 00:00:00-04:00,19.190000534057617,19.389999389648438,18.770000457763672,19.190000534057617,14.00956916809082,64060200
2017-06-19 00:00:00-04:00,19.190000534057617,19.270000457763672,18.399999618530273,18.790000915527344,13.71755313873291,58701200
2017-06-26 00:00:00-04:00,18.780000686645508,19.25,18.739999771118164,19.15999984741211,13.987665176391602,59830700
2017-07-03 00:00:00-04:00,19.170000076293945,19.649999618530273,18.920000076293945,19.170000076293945,13.99496841430664,29582700
2017-07-10 00:00:00-04:00,19.09000015258789,19.6200008392334,18.969999313354492,19.540000915527344,14.26508617401123,42581400
2017-07-17 00:00:00-04:00,19.549999237060547,21.25,19.360000610351562,20.690000534057617,15.104634284973145,77836600
2017-07-24 00:00:00-04:00,20.690000534057617,20.700000762939453,20.1299991607666,20.399999618530273,14.892921447753906,55426200
2017-07-31 00:00:00-04:00,20.440000534057617,20.510000228881836,20.149999618530273,20.200000762939453,14.838103294372559,39463400
2017-08-07 00:00:00-04:00,20.149999618530273,20.200000762939453,18.979999542236328,19.06999969482422,14.008050918579102,49147000
2017-08-14 00:00:00-04:00,19.190000534057617,19.280000686645508,18.229999542236328,18.549999237060547,13.626081466674805,47009500
2017-08-21 00:00:00-04:00,18.579999923706055,19.260000228881836,18.440000534057617,19.170000076293945,14.08150577545166,44602100
2017-08-28 00:00:00-04:00,19.209999084472656,19.440000534057617,18.889999389648438,19.360000610351562,14.221073150634766,51693000
2017-09-04 00:00:00-04:00,19.399999618530273,19.600000381469727,18.950000762939453,19.139999389648438,14.059466361999512,38277800
2017-09-11 00:00:00-04:00,19.219999313354492,19.579999923706055,19.200000762939453,19.360000610351562,14.221073150634766,37300700
2017-09-18 00:00:00-04:00,19.360000610351562,19.850000381469727,19.1200008392334,19.270000457763672,14.154963493347168,44207400
2017-09-25 00:00:00-04:00,19.360000610351562,19.75,19.110000610351562,19.18000030517578,14.088848114013672,41888400
2017-10-02 00:00:00-04:00,19.059999465942383,19.149999618530273,18.670000076293945,19.020000457763672,13.971322059631348,53916400
2017-10-09 00:00:00-04:00,19.020000457763672,19.170000076293945,18.75,18.760000228881836,13.780339241027832,36980500
2017-10-16 00:00:00-04:00,18.90999984741211,18.940000534057617,18.3799991607666,18.420000076293945,13.530587196350098,65547200
2017-10-23 00:00:00-04:00,18.360000610351562,18.399999618530273,17.81999969482422,18.030000686645508,13.244109153747559,81742100
2017-10-30 00:00:00-04:00,17.969999313354492,18.3799991607666,17.59000015258789,17.739999771118164,13.031086921691895,61645400
2017-11-06 00:00:00-05:00,17.809999465942383,18.200000762939453,17.649999618530273,17.670000076293945,13.070282936096191,51330000
2017-11-13 00:00:00-05:00,17.639999389648438,17.690000534057617,16.700000762939453,17.010000228881836,12.582088470458984,71109600
2017-11-20 00:00:00-05:00,16.979999542236328,17.389999389648438,16.809999465942383,17.190000534057617,12.715229988098145,34982500
2017-11-27 00:00:00-05:00,17.149999618530273,17.450000762939453,16.68000030517578,17.40999984741211,12.877962112426758,93242000
2017-12-04 00:00:00-05:00,17.399999618530273,17.850000381469727,16.889999389648438,17.790000915527344,13.159046173095703,84232000
2017-12-11 00:00:00-05:00,17.760000228881836,18.149999618530273,17.719999313354492,17.93000030517578,13.262602806091309,78085300
2017-12-18 00:00:00-05:00,17.989999771118164,18.190000534057617,17.649999618530273,18.049999237060547,13.351359367370605,67413900
2017-12-25 00:00:00-05:00,18.049999237060547,18.34000015258789,18.049999237060547,18.06999969482422,13.366158485412598,39606400
2018-01-01 00:00:00-05:00,18.31999969482422,19.100000381469727,18.190000534057617,18.950000762939453,14.017084121704102,54026900
2018-01-08 00:00:00-05:00,18.899999618530273,19.65999984741211,18.75,19.520000457763672,14.438701629638672,69142000
2018-01-15 00:00:00-05:00,19.670000076293945,19.829999923706055,18.770000457763672,19.010000228881836,14.061463356018066,94835800
2018-01-22 00:00:00-05:00,19.049999237060547,19.709999084472656,18.690000534057617,18.770000457763672,13.88393783569336,86232600
2018-01-29 00:00:00-05:00,18.770000457763672,18.829999923706055,17.459999084472656,17.5,12.944537162780762,86753900
2018-02-05 00:00:00-05:00,17.280000686645508,17.559999465942383,16.559999465942383,17.239999771118164,12.837985038757324,118119500
2018-02-12 00:00:00-05:00,17.350000381469727,17.649999618530273,16.959999084472656,17.059999465942383,12.70394515991211,66943100
2018-02-19 00:00:00-05:00,17.049999237060547,17.190000534057617,16.610000610351562,17.010000228881836,12.66671085357666,47181700
2018-02-26 00:00:00-05:00,17.059999465942383,17.059999465942383,15.859999656677246,16.100000381469727,11.989068031311035,69820300
2018-03-05 00:00:00-05:00,16.030000686645508,16.329999923706055,15.949999809265137,16.329999923706055,12.1603422164917,55741700
2018-03-12 00:00:00-04:00,16.309999465942383,16.610000610351562,15.069999694824219,16.40999984741211,12.219916343688965,124615600
2018-03-19 00:00:00-04:00,16.399999618530273,16.399999618530273,14.989999771118164,15.010000228881836,11.177389144897461,104032500
2018-03-26 00:00:00-04:00,15.100000381469727,15.40999984741211,14.760000228881836,15.0600004196167,11.214620590209961,77925100
2018-04-02 00:00:00-04:00,15.020000457763672,15.630000114440918,14.6899995803833,15.170000076293945,11.29653263092041,66031700
2018-04-09 00:00:00-04:00,15.270000457763672,15.680000305175781,14.979999542236328,15.329999923706055,11.415679931640625,84197300
2018-04-16 00:00:00-04:00,15.390000343322754,16.979999542236328,15.289999961853027,16.469999313354492,12.264595985412598,82023400
2018-04-23 00:00:00-04:00,16.399999618530273,16.510000228881836,15.829999923706055,15.949999809265137,11.877370834350586,53973700
2018-04-30 00:00:00-04:00,15.9399995803833,16.219999313354492,15.6899995803833,16.110000610351562,12.146286964416504,71084500
2018-05-07 00:00:00-04:00,16.190000534057617,16.670000076293945,16.040000915527344,16.510000228881836,12.447870254516602,78297400
2018-05-14 00:00:00-04:00,16.549999237060547,16.700000762939453,16.020000457763672,16.06999969482422,12.11612606048584,58475700
2018-05-21 00:00:00-04:00,16.110000610351562,16.209999084472656,15.579999923706055,15.890000343322754,11.980416297912598,71756500
2018-05-28 00:00:00-04:00,16.350000381469727,16.979999542236328,15.989999771118164,16.899999618530273,12.741910934448242,85874100
2018-06-04 00:00:00-04:00,16.940000534057617,17.110000610351562,16.670000076293945,16.850000381469727,12.704214096069336,81160400
2018-06-11 00:00:00-04:00,16.829999923706055,17.209999084472656,16.65999984741211,16.770000457763672,12.643896102905273,63332600
2018-06-18 00:00:00-04:00,16.799999237060547,17.65999984741211,16.770000457763672,17.389999389648438,13.11135482788086,67163300
2018-06-25 00:00:00-04:00,17.399999618530273,17.860000610351562,17.100000381469727,17.670000076293945,13.322463035583496,60214700
2018-07-02 00:00:00-04:00,17.600000381469727,17.979999542236328,17.31999969482422,17.93000030517578,13.51849365234375,30761000
2018-07-09 00:00:00-04:00,17.989999771118164,18.25,17.75,17.90999984741211,13.503409385681152,43476500
2018-07-16 00:00:00-04:00,17.920000076293945,18.450000762939453,17.520000457763672,17.690000534057617,13.337542533874512,61525600
2018-07-23 00:00:00-04:00,17.770000457763672,18.15999984741211,17.40999984741211,17.899999618530273,13.49587345123291,63223500
2018-07-30 00:00:00-04:00,17.829999923706055,17.959999084472656,17.350000381469727,17.6200008392334,13.284762382507324,76528000
2018-08-06 00:00:00-04:00,17.65999984741211,18.25,17.600000381469727,18.170000076293945,13.854236602783203,59948000
2018-08-13 00:00:00-04:00,18.149999618530273,18.170000076293945,17.479999542236328,17.950000762939453,13.686495780944824,48845000
2018-08-20 00:00:00-04:00,18.0,18.329999923706055,17.850000381469727,17.969999313354492,13.701743125915527,44225900
2018-08-27 00:00:00-04:00,17.989999771118164,18.09000015258789,17.600000381469727,17.700000762939453,13.495874404907227,41712900
2018-09-03 00:00:00-04:00,17.65999984741211,17.8700008392334,17.290000915527344,17.81999969482422,13.587370872497559,42299600
2018-09-10 00:00:00-04:00,17.8700008392334,18.299999237060547,17.600000381469727,18.059999465942383,13.770363807678223,56193300
2018-09-17 00:00:00-04:00,18.200000762939453,18.399999618530273,17.979999542236328,18.059999465942383,13.770363807678223,57934400
2018-09-24 00:00:00-04:00,18.15999984741211,18.209999084472656,17.43000030517578,17.729999542236328,13.518744468688965,72174300
2018-10-01 00:00:00-04:00,17.760000228881836,18.3799991607666,17.709999084472656,18.059999465942383,13.770363807678223,57370000
2018-10-08 00:00:00-04:00,17.969999313354492,18.670000076293945,17.219999313354492,17.510000228881836,13.351005554199219,98192700
2018-10-15 00:00:00-04:00,17.559999465942383,18.469999313354492,17.469999313354492,17.979999542236328,13.709364891052246,81139000
2018-10-22 00:00:00-04:00,18.0,18.020000457763672,16.239999771118164,16.59000015258789,12.64952278137207,115086600
2018-10-29 00:00:00-04:00,16.719999313354492,17.350000381469727,16.270000457763672,16.860000610351562,12.855390548706055,86949000
2018-11-05 00:00:00-05:00,17.030000686645508,17.790000915527344,16.979999542236328,17.530000686645508,13.530659675598145,55006900
2018-11-12 00:00:00-05:00,17.649999618530273,17.709999084472656,16.700000762939453,17.280000686645508,13.33769416809082,71442600
2018-11-19 00:00:00-05:00,17.200000762939453,17.459999084472656,16.540000915527344,16.610000610351562,12.820549964904785,53312300
2018-11-26 00:00:00-05:00,16.700000762939453,17.079999923706055,16.31999969482422,17.06999969482422,13.175604820251465,78009900
2018-12-03 00:00:00-05:00,17.219999313354492,17.440000534057617,15.979999542236328,16.350000381469727,12.619866371154785,74419900
2018-12-10 00:00:00-05:00,16.190000534057617,16.670000076293945,15.720000267028809,16.170000076293945,12.48093318939209,72029800
2018-12-17 00:00:00-05:00,16.139999389648438,16.360000610351562,15.359999656677246,15.569999694824219,12.017816543579102,109499800
2018-12-24 00:00:00-05:00,15.34000015258789,15.640000343322754,14.619999885559082,15.289999961853027,11.801697731018066,69872200
2018-12-31 00:00:00-05:00,15.3100004196167,16.309999465942383,15.100000381469727,16.239999771118164,12.534961700439453,63762300
2019-01-07 00:00:00-05:00,16.299999237060547,17.399999618530273,16.209999084472656,17.110000610351562,13.206478118896484,97814900
2019-01-14 00:00:00-05:00,16.90999984741211,18.049999237060547,16.90999984741211,18.010000228881836,13.901145935058594,94386800
2019-01-21 00:00:00-05:00,17.889999389648438,17.920000076293945,17.049999237060547,17.739999771118164,13.6927490234375,75388800
2019-01-28 00:00:00-05:00,17.600000381469727,18.360000610351562,17.540000915527344,18.350000381469727,14.163580894470215,68971200
2019-02-04 00:00:00-05:00,18.229999542236328,18.479999542236328,17.709999084472656,18.020000457763672,14.06471061706543,56375200
2019-02-11 00:00:00-05:00,17.950000762939453,18.979999542236328,17.8799991607666,18.799999237060547,14.673505783081055,79488100
2019-02-18 00:00:00-05:00,18.75,19.469999313354492,18.729999542236328,19.31999969482422,15.079366683959961,62726900
2019-02-25 00:00:00-05:00,19.290000915527344,19.739999771118164,18.969999313354492,19.739999771118164,15.407179832458496,72256200
2019-03-04 00:00:00-05:00,19.81999969482422,20.010000228881836,19.469999313354492,19.729999542236328,15.399373054504395,82127700
2019-03-11 00:00:00-04:00,19.8799991607666,20.09000015258789,19.760000228881836,19.8700008392334,15.508647918701172,90932400
2019-03-18 00:00:00-04:00,19.860000610351562,20.440000534057617,19.84000015258789,19.899999618530273,15.532061576843262,88691100
2019-03-25 00:00:00-04:00,19.889999389648438,20.399999618530273,19.690000534057617,20.010000228881836,15.617918968200684,67093200
2019-04-01 00:00:00-04:00,20.06999969482422,20.209999084472656,19.760000228881836,20.049999237060547,15.649134635925293,71093900
2019-04-08 00:00:00-04:00,20.049999237060547,20.110000610351562,19.670000076293945,19.81999969482422,15.469618797302246,48770700
2019-04-15 00:00:00-04:00,19.809999465942383,19.920000076293945,19.149999618530273,19.389999389648438,15.134003639221191,54632000
2019-04-22 00:00:00-04:00,19.579999923706055,20.239999771118164,19.520000457763672,20.229999542236328,15.78962516784668,76763300
2019-04-29 00:00:00-04:00,19.93000030517578,20.079999923706055,19.350000381469727,19.530000686645508,15.243274688720703,66918300
2019-05-06 00:00:00-04:00,19.40999984741211,19.799999237060547,19.239999771118164,19.700000762939453,15.568353652954102,72432100
2019-05-13 00:00:00-04:00,19.600000381469727,20.549999237060547,19.40999984741211,20.209999084472656,15.971388816833496,61181900
2019-05-20 00:00:00-04:00,20.219999313354492,20.56999969482422,19.809999465942383,20.059999465942383,15.8528470993042,63190700
2019-05-27 00:00:00-04:00,20.110000610351562,20.270000457763672,19.579999923706055,19.950000762939453,15.765921592712402,67139500
2019-06-03 00:00:00-04:00,20.06999969482422,21.25,19.899999618530273,21.1299991607666,16.69843864440918,88873700
2019-06-10 00:00:00-04:00,21.18000030517578,21.190000534057617,20.309999465942383,20.530000686645508,16.224273681640625,58419200
2019-06-17 00:00:00-04:00,20.420000076293945,21.399999618530273,20.270000457763672,21.3799991607666,16.896007537841797,63961900
2019-06-24 00:00:00-04:00,21.440000534057617,21.5,20.299999237060547,20.8799991607666,16.500871658325195,72876200
2019-07-01 00:00:00-04:00,21.010000228881836,21.1200008392334,20.860000610351562,21.110000610351562,16.682636260986328,29432500
2019-07-08 00:00:00-04:00,21.059999465942383,21.40999984741211,20.989999771118164,21.290000915527344,16.82488441467285,52654600
2019-07-15 00:00:00-04:00,21.299999237060547,21.3700008392334,20.079999923706055,20.5,16.200565338134766,74467700
2019-07-22 00:00:00-04:00,20.520000457763672,20.899999618530273,20.489999771118164,20.850000381469727,16.477163314819336,53032600
2019-07-29 00:00:00-04:00,20.860000610351562,20.940000534057617,20.18000030517578,20.209999084472656,15.971388816833496,86502600
2019-08-05 00:00:00-04:00,19.90999984741211,20.510000228881836,19.510000228881836,20.3700008392334,16.292818069458008,86393800
2019-08-12 00:00:00-04:00,20.34000015258789,20.639999389648438,19.670000076293945,20.1299991607666,16.100852966308594,68627100
2019-08-19 00:00:00-04:00,20.299999237060547,20.549999237060547,19.5,19.56999969482422,15.652942657470703,65565000
2019-08-26 00:00:00-04:00,19.770000457763672,20.489999771118164,19.670000076293945,20.270000457763672,16.212833404541016,61266600
2019-09-02 00:00:00-04:00,20.059999465942383,20.649999618530273,19.899999618530273,20.40999984741211,16.324810028076172,37201000
2019-09-09 00:00:00-04:00,20.510000228881836,20.559999465942383,20.020000457763672,20.469999313354492,16.372798919677734,67937900
2019-09-16 00:00:00-04:00,20.829999923706055,20.989999771118164,20.549999237060547,20.920000076293945,16.732728958129883,66354000
2019-09-23 00:00:00-04:00,20.790000915527344,20.959999084472656,20.299999237060547,20.670000076293945,16.53276824951172,37970200
2019-09-30 00:00:00-04:00,20.600000381469727,20.739999771118164,19.93000030517578,20.520000457763672,16.41279411315918,41557800
2019-10-07 00:00:00-04:00,20.540000915527344,20.56999969482422,19.969999313354492,20.229999542236328,16.18083953857422,42680000
2019-10-14 00:00:00-04:00,20.110000610351562,20.31999969482422,19.6299991607666,20.020000457763672,16.012866973876953,66481000
2019-10-21 00:00:00-04:00,20.15999984741211,20.709999084472656,20.06999969482422,20.420000076293945,16.332807540893555,50627800
2019-10-28 00:00:00-04:00,20.5,20.530000686645508,19.829999923706055,20.5,16.39679527282715,62538400
2019-11-04 00:00:00-05:00,20.540000915527344,20.729999542236328,19.8799991607666,20.030000686645508,16.221935272216797,58718400
2019-11-11 00:00:00-05:00,19.899999618530273,20.520000457763672,19.860000610351562,20.440000534057617,16.553983688354492,77605900
2019-11-18 00:00:00-05:00,20.299999237060547,20.43000030517578,19.950000762939453,19.959999084472656,16.165245056152344,55881300
2019-11-25 00:00:00-05:00,20.049999237060547,20.09000015258789,19.5,19.610000610351562,15.881786346435547,57490300
2019-12-02 00:00:00-05:00,19.610000610351562,19.8700008392334,19.1299991607666,19.75,15.995171546936035,64380900
2019-12-09 00:00:00-05:00,19.6200008392334,20.459999084472656,19.600000381469727,20.200000762939453,16.3596134185791,64319100
2019-12-16 00:00:00-05:00,20.34000015258789,21.010000228881836,20.270000457763672,20.969999313354492,16.98322296142578,66429400
2019-12-23 00:00:00-05:00,20.950000762939453,21.360000610351562,20.8799991607666,21.079999923706055,17.072311401367188,28705400
2019-12-30 00:00:00-05:00,21.100000381469727,21.25,20.950000762939453,21.200000762939453,17.169498443603516,38481800
2020-01-06 00:00:00-05:00,21.100000381469727,21.68000030517578,21.059999465942383,21.510000228881836,17.420560836791992,71650500
2020-01-13 00:00:00-05:00,21.510000228881836,21.649999618530273,21.229999542236328,21.360000610351562,17.2990779876709,56617000
2020-01-20 00:00:00-05:00,21.270000457763672,21.8799991607666,20.920000076293945,21.559999465942383,17.46105194091797,67341800
2020-01-27 00:00:00-05:00,21.299999237060547,21.56999969482422,20.760000228881836,20.8700008392334,16.902236938476562,76460300
2020-02-03 00:00:00-05:00,20.860000610351562,21.479999542236328,20.709999084472656,21.1200008392334,17.306699752807617,54295200
2020-02-10 00:00:00-05:00,21.06999969482422,22.09000015258789,21.049999237060547,22.0,18.02781105041504,52332800
2020-02-17 00:00:00-05:00,21.979999542236328,22.579999923706055,21.850000381469727,22.139999389648438,18.142534255981445,55769000
2020-02-24 00:00:00-05:00,21.709999084472656,22.020000457763672,18.399999618530273,19.170000076293945,15.708778381347656,112350200
2020-03-02 00:00:00-05:00,19.360000610351562,20.690000534057617,18.600000381469727,19.329999923706055,15.839890480041504,101966400
2020-03-09 00:00:00-04:00,17.25,17.399999618530273,13.220000267028809,14.779999732971191,12.111412048339844,185549300
2020-03-16 00:00:00-04:00,13.119999885559082,13.880000114440918,9.420000076293945,12.350000381469727,10.120157241821289,173863500
2020-03-23 00:00:00-04:00,12.020000457763672,14.850000381469727,11.010000228881836,13.75,11.267380714416504,121080100
2020-03-30 00:00:00-04:00,13.399999618530273,14.199999809265137,12.5,13.40999984741211,10.988771438598633,113301200
2020-04-06 00:00:00-04:00,13.960000038146973,15.890000343322754,13.619999885559082,15.359999656677246,12.586690902709961,69713700
2020-04-13 00:00:00-04:00,15.75,15.880000114440918,13.9399995803833,14.970000267028809,12.267107009887695,80928500
2020-04-20 00:00:00-04:00,14.140000343322754,15.229999542236328,13.949999809265137,14.619999885559082,11.980299949645996,94860100
2020-04-27 00:00:00-04:00,14.5,15.949999809265137,14.359999656677246,14.5600004196167,11.931134223937988,84336100
2020-05-04 00:00:00-04:00,14.329999923706055,15.399999618530273,14.289999961853027,15.350000381469727,12.799524307250977,64961500
2020-05-11 00:00:00-04:00,15.170000076293945,15.529999732971191,14.15999984741211,14.84000015258789,12.374262809753418,64183600
2020-05-18 00:00:00-04:00,15.529999732971191,15.770000457763672,14.960000038146973,15.40999984741211,12.849555969238281,64434000
2020-05-25 00:00:00-04:00,15.8100004196167,16.1200008392334,15.3100004196167,15.800000190734863,13.17475700378418,48500100
2020-06-01 00:00:00-04:00,15.770000457763672,16.959999084472656,15.539999961853027,16.719999313354492,13.94189167022705,54651700
2020-06-08 00:00:00-04:00,17.059999465942383,17.969999313354492,15.15999984741211,15.5,12.924601554870605,103861100
2020-06-15 00:00:00-04:00,14.970000267028809,16.3799991607666,14.84000015258789,15.520000457763672,12.941278457641602,73821100
2020-06-22 00:00:00-04:00,15.449999809265137,15.859999656677246,14.369999885559082,14.470000267028809,12.065741539001465,59278600
2020-06-29 00:00:00-04:00,14.539999961853027,15.40999984741211,14.470000267028809,15.119999885559082,12.607741355895996,44166800
2020-07-06 00:00:00-04:00,15.4399995803833,15.579999923706055,13.850000381469727,14.239999771118164,11.873955726623535,72914200
2020-07-13 00:00:00-04:00,14.270000457763672,15.270000457763672,14.069999694824219,14.920000076293945,12.440970420837402,51755200
2020-07-20 00:00:00-04:00,14.850000381469727,15.220000267028809,14.0600004196167,14.25,11.882294654846191,71575500
2020-07-27 00:00:00-04:00,14.3100004196167,14.550000190734863,13.800000190734863,14.100000381469727,11.757218360900879,56291300
2020-08-03 00:00:00-04:00,14.039999961853027,14.75,13.930000305175781,14.319999694824219,12.164068222045898,59848300
2020-08-10 00:00:00-04:00,14.319999694824219,14.819999694824219,14.140000343322754,14.289999961853027,12.13858413696289,60113900
2020-08-17 00:00:00-04:00,14.430000305175781,14.609999656677246,13.880000114440918,14.109999656677246,11.985685348510742,52151400
2020-08-24 00:00:00-04:00,14.149999618530273,14.380000114440918,13.699999809265137,14.180000305175781,12.045145988464355,58942700
2020-08-31 00:00:00-04:00,14.170000076293945,14.210000038146973,13.260000228881836,13.520000457763672,11.484512329101562,57837900
2020-09-07 00:00:00-04:00,13.380000114440918,13.520000457763672,12.800000190734863,12.819999694824219,10.889897346496582,63893300
2020-09-14 00:00:00-04:00,12.899999618530273,13.489999771118164,12.850000381469727,13.079999923706055,11.11075496673584,70753700
2020-09-21 00:00:00-04:00,12.90999984741211,13.109999656677246,11.970000267028809,12.369999885559082,10.507648468017578,64369400
2020-09-28 00:00:00-04:00,12.579999923706055,12.760000228881836,12.029999732971191,12.3100004196167,10.456681251525879,64729800
2020-10-05 00:00:00-04:00,12.430000305175781,13.25,12.1899995803833,12.819999694824219,10.889897346496582,79365400
2020-10-12 00:00:00-04:00,12.850000381469727,13.119999885559082,12.520000457763672,12.859999656677246,10.923876762390137,64976400
2020-10-19 00:00:00-04:00,12.899999618530273,13.0,12.479999542236328,12.779999732971191,10.85592269897461,81409500
2020-10-26 00:00:00-04:00,12.670000076293945,12.6899995803833,11.5,11.899999618530273,10.108407974243164,87469400
2020-11-02 00:00:00-05:00,12.029999732971191,12.270000457763672,11.449999809265137,11.479999542236328,9.969042778015137,67770800
2020-11-09 00:00:00-05:00,12.34000015258789,13.220000267028809,12.09000015258789,13.130000114440918,11.401876449584961,108982800
2020-11-16 00:00:00-05:00,13.739999771118164,14.420000076293945,13.390000343322754,14.25,12.374464988708496,109934900
2020-11-23 00:00:00-05:00,14.399999618530273,15.119999885559082,14.300000190734863,14.75,12.808656692504883,56911700
2020-11-30 00:00:00-05:00,14.529999732971191,15.100000381469727,14.0,14.930000305175781,12.964966773986816,113828400
2020-12-07 00:00:00-05:00,14.899999618530273,15.0,14.420000076293945,14.75,12.808656692504883,97106200
2020-12-14 00:00:00-05:00,14.859999656677246,14.970000267028809,14.100000381469727,14.210000038146973,12.339728355407715,118636500
2020-12-21 00:00:00-05:00,13.979999542236328,14.130000114440918,13.6899995803833,13.829999923706055,12.009742736816406,56757200
2020-12-28 00:00:00-05:00,13.869999885559082,14.0,13.470000267028809,13.670000076293945,11.870802879333496,55352000
2021-01-04 00:00:00-05:00,13.75,14.680000305175781,13.479999542236328,14.489999771118164,12.582876205444336,93776800
2021-01-11 00:00:00-05:00,14.210000038146973,15.75,14.1899995803833,15.489999771118164,13.45125961303711,101304500
2021-01-18 00:00:00-05:00,15.600000381469727,16.020000457763672,14.829999923706055,15.319999694824219,13.303634643554688,68358800
2021-01-25 00:00:00-05:00,15.25,15.569999694824219,14.010000228881836,14.079999923706055,12.226839065551758,108159200
2021-02-01 00:00:00-05:00,14.170000076293945,14.390000343322754,13.75,14.149999618530273,12.511626243591309,109544300
2021-02-08 00:00:00-05:00,14.260000228881836,14.880000114440918,14.220000267028809,14.84000015258789,13.121732711791992,64136600
2021-02-15 00:00:00-05:00,15.069999694824219,15.210000038146973,14.760000228881836,14.960000038146973,13.227839469909668,53004700
2021-02-22 00:00:00-05:00,15.0,15.859999656677246,14.619999885559082,14.699999809265137,12.997942924499512,91259300
2021-03-01 00:00:00-05:00,14.859999656677246,16.049999237060547,14.859999656677246,15.869999885559082,14.032474517822266,98794500
2021-03-08 00:00:00-05:00,16.0,16.420000076293945,15.640000343322754,16.350000381469727,14.45689582824707,83058100
2021-03-15 00:00:00-04:00,16.420000076293945,16.530000686645508,15.6899995803833,15.920000076293945,14.07668399810791,79636300
2021-03-22 00:00:00-04:00,15.9399995803833,16.809999465942383,15.5,16.799999237060547,14.854791641235352,83358500
2021-03-29 00:00:00-04:00,16.799999237060547,16.8700008392334,16.489999771118164,16.84000015258789,14.890162467956543,57810900
2021-04-05 00:00:00-04:00,16.84000015258789,16.969999313354492,16.469999313354492,16.530000686645508,14.616055488586426,56271900
2021-04-12 00:00:00-04:00,16.600000381469727,16.81999969482422,16.329999923706055,16.540000915527344,14.624898910522461,60635700
2021-04-19 00:00:00-04:00,16.610000610351562,16.850000381469727,16.299999237060547,16.780000686645508,14.837109565734863,82766700
2021-04-26 00:00:00-04:00,16.850000381469727,17.520000457763672,16.799999237060547,17.049999237060547,15.075843811035156,87559900
2021-05-03 00:00:00-04:00,17.200000762939453,17.8799991607666,17.0,17.84000015258789,16.022428512573242,85397800
2021-05-10 00:00:00-04:00,18.020000457763672,18.479999542236328,17.670000076293945,18.360000610351562,16.489450454711914,79692600
2021-05-17 00:00:00-04:00,18.34000015258789,18.969999313354492,18.149999618530273,18.719999313354492,16.812768936157227,72929500
2021-05-24 00:00:00-04:00,18.850000381469727,18.889999389648438,18.200000762939453,18.34000015258789,16.47148895263672,90802000
2021-05-31 00:00:00-04:00,18.56999969482422,18.93000030517578,18.420000076293945,18.780000686645508,16.866661071777344,54191100
2021-06-07 00:00:00-04:00,18.799999237060547,19.290000915527344,18.540000915527344,19.139999389648438,17.18998146057129,82208500
2021-06-14 00:00:00-04:00,19.0,19.170000076293945,17.649999618530273,17.65999984741211,15.860766410827637,85539700
2021-06-21 00:00:00-04:00,17.829999923706055,18.360000610351562,17.829999923706055,18.290000915527344,16.42658233642578,42297700
2021-06-28 00:00:00-04:00,18.299999237060547,18.579999923706055,17.81999969482422,18.56999969482422,16.67805290222168,53877900
2021-07-05 00:00:00-04:00,18.549999237060547,18.68000030517578,17.979999542236328,18.670000076293945,16.767866134643555,46615100
2021-07-12 00:00:00-04:00,18.459999084472656,18.6200008392334,17.56999969482422,17.639999389648438,15.842803955078125,52509700
2021-07-19 00:00:00-04:00,17.25,18.020000457763672,16.90999984741211,17.3700008392334,15.600314140319824,86517200
2021-07-26 00:00:00-04:00,17.420000076293945,17.989999771118164,17.299999237060547,17.3799991607666,15.609292030334473,69179300
2021-08-02 00:00:00-04:00,17.450000762939453,17.719999313354492,17.010000228881836,17.1200008392334,15.611259460449219,81232200
2021-08-09 00:00:00-04:00,17.010000228881836,17.3799991607666,16.920000076293945,17.209999084472656,15.693327903747559,51401900
2021-08-16 00:00:00-04:00,17.1200008392334,17.200000762939453,15.770000457763672,15.9399995803833,14.535250663757324,69998800
2021-08-23 00:00:00-04:00,16.18000030517578,16.719999313354492,16.1299991607666,16.59000015258789,15.127967834472656,55531400
2021-08-30 00:00:00-04:00,16.610000610351562,16.610000610351562,16.139999389648438,16.34000015258789,14.899999618530273,52436400
2021-09-06 00:00:00-04:00,16.280000686645508,16.43000030517578,15.890000343322754,15.970000267028809,14.562607765197754,41107600
2021-09-13 00:00:00-04:00,16.09000015258789,16.479999542236328,15.90999984741211,15.960000038146973,14.553487777709961,92152500
2021-09-20 00:00:00-04:00,15.65999984741211,16.639999389648438,15.470000267028809,16.530000686645508,15.07325553894043,64341900
2021-09-27 00:00:00-04:00,16.799999237060547,17.209999084472656,16.68000030517578,16.90999984741211,15.419766426086426,71587300
2021-10-04 00:00:00-04:00,17.040000915527344,17.530000686645508,16.520000457763672,17.469999313354492,15.930414199829102,95919200
2021-10-11 00:00:00-04:00,17.760000228881836,18.610000610351562,17.56999969482422,18.459999084472656,16.833168029785156,80758400
2021-10-18 00:00:00-04:00,18.559999465942383,18.760000228881836,17.309999465942383,17.670000076293945,16.112791061401367,92815800
2021-10-25 00:00:00-04:00,17.809999465942383,17.979999542236328,16.729999542236328,16.75,15.273865699768066,66610600
2021-11-01 00:00:00-04:00,16.850000381469727,17.100000381469727,16.559999465942383,16.950000762939453,15.700572967529297,58378300
2021-11-08 00:00:00-05:00,17.049999237060547,17.06999969482422,16.610000610351562,16.68000030517578,15.450474739074707,55199500
2021-11-15 00:00:00-05:00,16.729999542236328,17.0,16.020000457763672,16.15999984741211,14.968807220458984,63094000
2021-11-22 00:00:00-05:00,16.09000015258789,16.59000015258789,15.890000343322754,16.260000228881836,15.061434745788574,49346700
2021-11-29 00:00:00-05:00,16.420000076293945,16.469999313354492,15.260000228881836,15.59000015258789,14.44082260131836,124962300
2021-12-06 00:00:00-05:00,15.75,16.389999389648438,15.640000343322754,16.15999984741211,14.968807220458984,74727600
2021-12-13 00:00:00-05:00,16.139999389648438,16.200000762939453,15.479999542236328,15.600000381469727,14.450084686279297,102356800
2021-12-20 00:00:00-05:00,15.3100004196167,15.789999961853027,15.010000228881836,15.640000343322754,14.487136840820312,61223600
2021-12-27 00:00:00-05:00,15.59000015258789,15.979999542236328,15.489999771118164,15.859999656677246,14.690919876098633,47102500
2022-01-03 00:00:00-05:00,15.949999809265137,17.31999969482422,15.890000343322754,17.270000457763672,15.99698543548584,83708000
2022-01-10 00:00:00-05:00,17.3799991607666,17.899999618530273,17.09000015258789,17.889999389648438,16.5712833404541,79677700
2022-01-17 00:00:00-05:00,17.860000610351562,17.979999542236328,17.239999771118164,17.3700008392334,16.089614868164062,75765500
2022-01-24 00:00:00-05:00,17.100000381469727,18.200000762939453,16.670000076293945,17.200000762939453,15.932147026062012,106833000
2022-01-31 00:00:00-05:00,17.1299991607666,17.540000915527344,17.0,17.350000381469727,16.323223114013672,86408700
2022-02-07 00:00:00-05:00,17.40999984741211,17.6299991607666,17.110000610351562,17.540000915527344,16.501977920532227,85106800
2022-02-14 00:00:00-05:00,17.510000228881836,17.540000915527344,16.459999084472656,16.600000381469727,15.617606163024902,81146600
2022-02-21 00:00:00-05:00,16.889999389648438,17.149999618530273,16.0,17.06999969482422,16.059789657592773,67366400
2022-02-28 00:00:00-05:00,16.920000076293945,18.8700008392334,16.8700008392334,18.84000015258789,17.72504234313965,121872900
2022-03-07 00:00:00-05:00,18.899999618530273,19.149999618530273,18.100000381469727,18.100000381469727,17.02883529663086,107000100
2022-03-14 00:00:00-04:00,17.899999618530273,17.989999771118164,16.90999984741211,17.360000610351562,16.332632064819336,105821900
2022-03-21 00:00:00-04:00,17.6200008392334,19.06999969482422,17.600000381469727,19.06999969482422,17.941431045532227,85292900
2022-03-28 00:00:00-04:00,18.729999542236328,19.260000228881836,18.3799991607666,19.219999313354492,18.082551956176758,87681200
2022-04-04 00:00:00-04:00,19.299999237060547,19.59000015258789,18.799999237060547,19.479999542236328,18.327167510986328,71306000
2022-04-11 00:00:00-04:00,19.309999465942383,19.520000457763672,19.030000686645508,19.3700008392334,18.223678588867188,48740000
2022-04-18 00:00:00-04:00,19.440000534057617,20.190000534057617,19.139999389648438,19.149999618530273,18.01669692993164,76341000
2022-04-25 00:00:00-04:00,18.829999923706055,18.90999984741211,18.040000915527344,18.149999618530273,17.075876235961914,106302200
2022-05-02 00:00:00-04:00,18.100000381469727,19.350000381469727,17.84000015258789,19.299999237060547,18.430206298828125,88653000
2022-05-09 00:00:00-04:00,19.0,19.09000015258789,18.15999984741211,18.739999771118164,17.895444869995117,99688500
2022-05-16 00:00:00-04:00,18.8799991607666,19.889999389648438,18.670000076293945,19.030000686645508,18.172372817993164,84494700
2022-05-23 00:00:00-04:00,19.190000534057617,20.020000457763672,18.639999389648438,19.940000534057617,19.041362762451172,75689800
2022-05-30 00:00:00-04:00,19.989999771118164,20.15999984741211,19.59000015258789,19.93000030517578,19.031814575195312,74216400
2022-06-06 00:00:00-04:00,20.040000915527344,20.200000762939453,18.780000686645508,19.030000686645508,18.172372817993164,62800600
2022-06-13 00:00:00-04:00,18.59000015258789,18.649999618530273,15.779999732971191,16.049999237060547,15.32667350769043,119808500
2022-06-20 00:00:00-04:00,16.360000610351562,16.790000915527344,15.979999542236328,16.479999542236328,15.737295150756836,73166000
2022-06-27 00:00:00-04:00,16.6299991607666,17.489999771118164,16.489999771118164,16.979999542236328,16.21476173400879,78041400
2022-07-04 00:00:00-04:00,16.639999389648438,17.100000381469727,15.920000076293945,16.969999313354492,16.205211639404297,67433300
2022-07-11 00:00:00-04:00,16.829999923706055,16.959999084472656,16.049999237060547,16.760000228881836,16.004676818847656,62060100
2022-07-18 00:00:00-04:00,16.959999084472656,17.860000610351562,16.760000228881836,17.649999618530273,16.85456657409668,74404200
2022-07-25 00:00:00-04:00,17.850000381469727,18.229999542236328,17.700000762939453,17.989999771118164,17.179244995117188,74475400
2022-08-01 00:00:00-04:00,17.75,18.049999237060547,17.059999465942383,17.469999313354492,16.943784713745117,79777300
2022-08-08 00:00:00-04:00,17.479999542236328,18.75,17.479999542236328,18.690000534057617,18.127038955688477,62206400
2022-08-15 00:00:00-04:00,18.299999237060547,18.950000762939453,18.149999618530273,18.719999313354492,18.1561336517334,58061000
2022-08-22 00:00:00-04:00,18.670000076293945,19.329999923706055,18.43000030517578,18.989999771118164,18.418001174926758,66108400
2022-08-29 00:00:00-04:00,18.950000762939453,19.139999389648438,17.8799991607666,18.219999313354492,17.67119598388672,70809700
2022-09-05 00:00:00-04:00,18.420000076293945,18.489999771118164,17.459999084472656,18.309999465942383,17.75848388671875,64862300
2022-09-12 00:00:00-04:00,18.5,18.770000457763672,17.700000762939453,17.850000381469727,17.312341690063477,106359000
2022-09-19 00:00:00-04:00,17.5,18.18000030517578,16.34000015258789,16.530000686645508,16.032100677490234,97826000
2022-09-26 00:00:00-04:00,16.43000030517578,16.950000762939453,16.049999237060547,16.639999389648438,16.13878631591797,137099900
2022-10-03 00:00:00-04:00,17.100000381469727,17.799999237060547,16.959999084472656,17.239999771118164,16.720712661743164,104076100
2022-10-10 00:00:00-04:00,17.299999237060547,17.75,16.84000015258789,17.190000534057617,16.67222023010254,83959400
2022-10-17 00:00:00-04:00,17.399999618530273,18.09000015258789,16.959999084472656,17.520000457763672,16.992279052734375,113736900
2022-10-24 00:00:00-04:00,17.579999923706055,18.15999984741211,17.1299991607666,17.770000457763672,17.234750747680664,106125400
2022-10-31 00:00:00-04:00,17.739999771118164,18.479999542236328,17.670000076293945,18.170000076293945,17.89929962158203,100067500
2022-11-07 00:00:00-05:00,18.25,18.790000915527344,17.56999969482422,18.690000534057617,18.41155433654785,81737500
2022-11-14 00:00:00-05:00,18.65999984741211,18.959999084472656,18.0,18.420000076293945,18.14557647705078,73740500
2022-11-21 00:00:00-05:00,18.239999771118164,18.8700008392334,17.84000015258789,18.6299991607666,18.352445602416992,43437100
2022-11-28 00:00:00-05:00,18.25,19.360000610351562,18.219999313354492,19.0,18.716934204101562,96610900
2022-12-05 00:00:00-05:00,19.110000610351562,19.1299991607666,17.40999984741211,17.450000762939453,17.190027236938477,76214600
2022-12-12 00:00:00-05:00,17.5,18.350000381469727,17.389999389648438,17.690000534057617,17.42645263671875,76702700
2022-12-19 00:00:00-05:00,17.760000228881836,18.139999389648438,17.389999389648438,18.139999389648438,17.869747161865234,58643800
2022-12-26 00:00:00-05:00,18.209999084472656,18.34000015258789,17.860000610351562,18.079999923706055,17.810640335083008,30987200
2023-01-02 00:00:00-05:00,18.0,18.690000534057617,17.850000381469727,18.579999923706055,18.303192138671875,40099100
2023-01-09 00:00:00-05:00,18.760000228881836,19.059999465942383,18.510000228881836,18.850000381469727,18.569169998168945,59871600
2023-01-16 00:00:00-05:00,18.93000030517578,19.100000381469727,18.290000915527344,18.639999389648438,18.36229705810547,64693600
2023-01-23 00:00:00-05:00,18.739999771118164,18.899999618530273,18.31999969482422,18.65999984741211,18.381999969482422,71093000
2023-01-30 00:00:00-05:00,18.25,18.639999389648438,17.950000762939453,18.280000686645508,18.007661819458008,76643900
2023-02-06 00:00:00-05:00,18.200000762939453,18.40999984741211,17.959999084472656,18.360000610351562,18.360000610351562,56137400
2023-02-13 00:00:00-05:00,18.309999465942383,18.510000228881836,17.68000030517578,17.729999542236328,17.729999542236328,63783900
2023-02-20 00:00:00-05:00,17.6299991607666,17.700000762939453,17.260000228881836,17.479999542236328,17.479999542236328,48171193
