,2021,2020,2019,2018,2017,2016,2015,2014,2013,2012,2011,2010,2009,2008,2007,2006,2005,2004,2003,2002,2001,2000,1999,1998,1997,1996,1995,1994,1993,1992,1991,1990
period,FY,FY,FY,FY,FY,FY,FY,FY,FY,FY,FY,FY,FY,FY,FY,FY,FY,FY,FY,FY,FY,FY,FY,FY,FY,FY,FY,FY,FY,FY,FY,FY
currentRatio,1.4895837300529382,1.7201452765386285,1.5058968213925328,2.287294248196782,3.0345865206830296,3.1600096342981012,3.133777549974372,3.3880559341713363,2.952460346070656,3.492922001015171,3.2692219810350736,2.6735818645037175,3.2352251922372757,2.5760571511040555,2.3636771971852073,2.269601343587024,1.3700977815161393,1.648052395725612,1.617434289848083,2.08155223880597,1.585350790513834,2.138183217859892,1.5367965367965368,2.129032258064516,2.76875,2.8088426527958386,2.9467455621301775,2.470559610705596,2.2333333333333334,3.1666666666666665,5.423076923076923,6.0
quickRatio,1.3201812849906691,1.6241759109391654,1.415237134207871,2.1102644719807655,2.918246746184244,3.0458432017984025,3.0006406970784214,3.098793477712151,2.7089491708723865,3.2003835091083412,2.9929167142693935,2.3288098580564656,2.7958989381179054,2.168855534709193,1.9654888456355741,1.8666136303367806,0.9657238986436757,1.2057911065149949,1.2055702917771882,1.671641791044776,1.0842391304347827,1.6189376443418013,1.0849150849150848,1.6921335597057159,2.1839285714285714,2.1599479843953184,2.437869822485207,1.4170316301703163,1.8166666666666667,2.782051282051282,4.846153846153846,5.615384615384615
cashRatio,0.3494306280230034,0.4661876751806087,0.37118440968718464,0.3304605141483262,0.42446434397998767,0.30633053671069005,0.2937382538868956,0.33954263213690744,0.35711067051189616,0.5526479047995037,0.4376785102250657,0.2381843706130089,0.4187477114610033,0.37458507721171885,0.2790836951639467,0.2914346327234155,0.49858059089475343,0.4276686200160864,0.4732336628888353,1.1324179104477612,0.6019021739130435,0.8148575827559661,0.2753912753912754,0.3027730616864743,0.24107142857142858,0.3641092327698309,0.606508875739645,0.2608272506082725,0.225,0.5128205128205128,1.5384615384615385,2.769230769230769
daysOfSalesOutstanding,74.33638443935926,86.7912415569664,80.49071362515413,77.7132576525441,76.04895323403812,74.99817247751132,73.02078883667947,72.0832803020661,71.39002612792396,63.631922884870065,65.95133971956129,44.932192807192806,32.10690256665836,35.272255943348505,41.69248611190653,42.3253405420587,32.613201080601584,30.216602404173283,29.272698379065577,25.934972244250595,30.633606961826583,55.6717561284869,37.29883166035873,56.00780234070221,66.31211180124224,55.516357421875,70.82364830722588,69.76991150442478,72.55007704160246,65.48529411764706,69.80874316939891,83.42857142857143
daysOfInventoryOutstanding,31.747098861861193,26.55976841866273,26.239473957791873,35.98536637470626,33.17248748664305,24.290752993930113,30.485369609856264,29.975481340009292,28.107685083737675,34.001512435581446,32.63674107948734,33.64277279988886,30.10135913384013,32.06993454752419,38.33863022405848,51.393139570709664,58.229397293972944,63.67321867321867,56.44729849424269,46.53723558388873,54.77764905088673,66.6587607471094,56.12735849056604,45.28101439342015,41.532797858099066,77.91843971631207,40.24068322981366,26.658376963350786,41.51658767772512,29.594594594594597,35.32258064516129,60.833333333333336
operatingCycle,106.08348330122045,113.35100997562913,106.730187582946,113.69862402725036,109.22144072068117,99.28892547144143,103.50615844653574,102.0587616420754,99.49771121166164,97.63343532045151,98.58808079904863,78.57496560708167,62.2082617004985,67.3421904908727,80.03111633596501,93.71848011276836,90.84259837457452,93.88982107739196,85.71999687330826,72.47220782813932,85.41125601271331,122.33051687559629,93.42619015092477,101.28881673412236,107.84490965934131,133.43479713818707,111.06433153703955,96.42828846777557,114.06666471932758,95.07988871224165,105.1313238145602,144.26190476190476
daysOfPayablesOutstanding,48.099196607900026,45.95129980701555,39.065131510552035,37.11600085451827,28.430628198639,21.077268004593428,20.68583162217659,19.44355546378981,19.59539834089842,17.563018149226977,19.239424754798723,22.690491074529415,18.91845196959226,22.565808195788275,22.794374702049897,32.98757317448906,32.99815498154982,34.65891024714554,38.4074402125775,24.855114459576935,20.94822208359326,39.984435220871624,31.076650943396228,31.146333104866347,33.714859437751,39.86524822695036,25.50465838509317,30.289267015706805,43.24644549763033,52.612612612612615,47.096774193548384,76.04166666666667
cashConversionCycle,57.98428669332043,67.39971016861358,67.66505607239397,76.5826231727321,80.79081252204217,78.21165746684801,82.82032682435914,82.61520617828559,79.90231287076321,80.07041717122453,79.3486560442499,55.88447453255225,43.289809730906235,44.77638229508442,57.236741633915116,60.730906938279304,57.844443393024704,59.230910830246415,47.31255666073076,47.61709336856238,64.46303392912004,82.34608165472466,62.34953920752854,70.14248362925602,74.13005022159031,93.56954891123671,85.55967315194638,66.13902145206876,70.82021922169724,42.46727609962904,58.03454962101182,68.22023809523809
grossProfitMargin,0.6402103657312618,0.6426441654327498,0.6293541923551171,0.6204338130954794,0.6296010832204979,0.6286677361057527,0.6037509407863957,0.5890501039412838,0.60567407986504,0.612426998979614,0.6154611504465732,0.6404345654345655,0.6394218788935958,0.6445118866970156,0.6395968157608385,0.6581589664372981,0.6721906374742954,0.6861419823089135,0.7009746795211357,0.6351044144858577,0.4966581438119589,0.643596787827557,0.6511436564094125,0.6550419671355953,0.6520186335403727,0.65576171875,0.6745831227892876,0.6926790024135157,0.6764252696456087,0.6705882352941176,0.6612021857923497,0.6571428571428571
operatingProfitMargin,0.2753823919065398,0.27626214478408145,0.27394805795314425,0.24952361646057167,0.24941151963337152,0.2570714967409182,0.2190760969060841,0.198230876925035,0.23033719423128357,0.21851457849373657,0.17756490351242538,0.22887112887112887,0.20273001633579754,0.23879615579160343,0.24686444075367964,0.24561157140851003,0.2990202007983549,0.28541619414833297,0.25860790337959527,0.15432196669310072,-0.08989368860180326,0.17091081994928148,0.24551587954582854,0.24872916420380659,0.25263975155279506,0.342041015625,0.32491157150075795,0.39267900241351567,0.4067796610169492,0.37941176470588234,0.36065573770491804,0.3
pretaxProfitMargin,0.2662090007627765,0.2833613922638486,0.2807298088779285,0.2643219136428137,0.2559525049474013,0.26235100615265905,0.22784320904782246,0.20607950447583895,0.23097496245396754,0.22055535051344954,0.18105881808505714,0.23513986013986013,0.21300218733560372,0.259357612544259,0.2709180459309318,0.2679750035107429,0.3240191927744849,0.31716942617373556,0.26554719779637675,0.14327253502511234,-0.03920513165567667,0.2294484361792054,0.27283198946848775,0.27213618631043857,0.2933229813664596,0.357666015625,0.3431025770591208,0.4098954143201931,0.423728813559322,0.4,0.3879781420765027,0.32857142857142857
netProfitMargin,0.21259384158336345,0.22745988925173932,0.22389411220715166,0.0022298803973241437,0.2001666493073638,0.2180640445103255,0.1826854620532536,0.1665818166390904,0.2053819408727138,0.17457284904800155,0.1501689111018557,0.193981018981019,0.16983691890245592,0.20364188163884675,0.20998224614855965,0.1958994523241118,0.2314826015080037,0.19963710591970968,0.1895327894904121,0.10007930214115782,-0.04548512986139147,0.14095519864750633,0.17245351324666777,0.1595933325452181,0.16288819875776397,0.222900390625,0.21273370389085397,0.2533386967015286,0.2650231124807396,0.24705882352941178,0.23497267759562843,0.2
effectiveTaxRate,0.20140250339315338,0.19727988546886185,0.14261203760894928,0.9915637702277782,0.21795393505330837,0.16880804953560372,0.19819658959021516,0.1916623777663407,0.11080431103589561,0.2084850871148735,0.1706070287539936,0.17503983005841742,0.20265176134147928,0.21482203803022915,0.22492336962266146,0.2689637102056858,0.2855898456943753,0.2894736842105263,0.2862557350887692,0.3014760147601476,-0.16018306636155608,0.38567810269399033,0.36791314837153194,0.4135534317984361,0.4446797247220752,0.37679180887372016,0.3799705449189985,0.3819430814524043,0.37454545454545457,0.38235294117647056,0.39436619718309857,0.43478260869565216
returnOnAssets,0.1086289834559012,0.11822504296121367,0.11883263628276053,0.0010111781144285924,0.07401901123110817,0.08827639496268043,0.07921639190989037,0.07469515095021592,0.09865501872696189,0.087631730947373,0.07451633274011138,0.09573523973869098,0.09003640206669798,0.13709265502094187,0.13747656542932132,0.12882373311785755,0.1694360003541599,0.12364443445524527,0.0964238553372679,0.05008599021034529,-0.02877575344798229,0.08116823851536355,0.14234295415959253,0.1513962094874958,0.19240645634629494,0.2515151515151515,0.2396129766647695,0.29885166555945714,0.28907563025210087,0.25925925925925924,0.2792207792207792,0.1686746987951807
returnOnEquity,0.2565960024227741,0.29572784810126584,0.3461618658961604,0.0025460605499490786,0.14528932367661068,0.16888937816500488,0.15044055077222018,0.13861333709888093,0.1688599458728011,0.15678742736809265,0.13742430017363316,0.17545801612939663,0.15871865862809534,0.23439000960614795,0.2329415501905972,0.23335563733690198,0.2477345300768102,0.17040966467900565,0.1276535017303507,0.06605946398659966,-0.03738938053097345,0.1006906442238744,0.17880907694932605,0.18995356690586745,0.24452214452214452,0.32375886524822695,0.3052936910804931,0.3712567790615421,0.36210526315789476,0.34146341463414637,0.33858267716535434,0.2028985507246377
returnOnCapitalEmployed,0.1925743964065132,0.19590920859584016,0.21517531514353597,0.150570649182253,0.11711253484618771,0.13086488665612306,0.1197185447027045,0.10952241429827131,0.14172331295332852,0.13596206840654887,0.11027604937561972,0.14805240964828667,0.13441521487709507,0.21040199661288886,0.21562202991346105,0.21861133679145053,0.30428360413589367,0.23398162954148227,0.16943740672613056,0.09921821889870837,-0.07383391054454351,0.11689672616896726,0.2545640675652619,0.29426573426573427,0.37557710064635275,0.48968891995805663,0.45313601127554615,0.5754539023815138,0.5789473684210527,0.5528455284552846,0.5546875,0.32857142857142857
netIncomePerEBT,0.7985974966068466,0.8027201145311381,0.7975430649921076,0.008436229772221797,0.7820460649466916,0.8311919504643963,0.8018034104097849,0.8083376222336592,0.8891956889641044,0.7915149128851265,0.8293929712460064,0.8249601699415826,0.7973482386585208,0.7851779619697709,0.7750766303773385,0.7310362897943141,0.7144101543056247,0.629433638443936,0.7137442649112308,0.6985239852398524,1.160183066361556,0.6143218973060097,0.632086851628468,0.5864465682015638,0.5553202752779248,0.6232081911262799,0.6200294550810015,0.6180569185475957,0.6254545454545455,0.6176470588235294,0.6056338028169014,0.6086956521739131
ebtPerEbit,0.9666885341497193,1.025697503671072,1.0247556086925944,1.0593061987163863,1.0262256744341436,1.0205371248025277,1.0400185701021356,1.039593365436062,1.0027688460164343,1.0093392945851962,1.0196768308574407,1.0273897861195984,1.0506692160611855,1.0861046388477018,1.0974364922862776,1.091052029731275,1.0836030204962244,1.1112523839796566,1.0268332650553051,0.9284001370332305,0.436127744510978,1.3425038639876352,1.111260053619303,1.094106463878327,1.1610325752919484,1.0456816559600286,1.0559875583203733,1.0438434746978078,1.0,1.0,1.0,1.0
ebitPerRevenue,0.2753823919065398,0.27626214478408145,0.27394805795314425,0.24952361646057167,0.24941151963337152,0.2570714967409182,0.2190760969060841,0.198230876925035,0.23033719423128357,0.21851457849373657,0.17756490351242538,0.22887112887112887,0.20273001633579754,0.23879615579160343,0.24686444075367964,0.24561157140851003,0.2990202007983549,0.28541619414833297,0.25860790337959527,0.15432196669310072,-0.08989368860180326,0.17091081994928148,0.24551587954582854,0.24872916420380659,0.25263975155279506,0.342041015625,0.32491157150075795,0.39267900241351567,0.423728813559322,0.4,0.3879781420765027,0.32857142857142857
debtRatio,0.5766536406248397,0.600223503737362,0.6567136707126277,0.6028460067657009,0.4905406029980434,0.4773123335415776,0.4734372381431205,0.4611258013582666,0.41575831842752814,0.4410793491646596,0.45776451001779667,0.45414766424257363,0.4327295678722405,0.41510879558688324,0.40982377202849646,0.44795105621609144,0.31605820027742526,0.27189975838624486,0.24464386773385075,0.24180447149093795,0.23037629831431977,0.1938850015211439,0.20393887945670627,0.20298306605360547,0.21313279530447543,0.2234159779614325,0.21570859419464997,0.19502704754674005,0.20168067226890757,0.24074074074074073,0.17532467532467533,0.1566265060240964
debtEquityRatio,1.3621320411871594,1.5013976793248944,1.9130201662148878,1.5179150078696417,0.9628649621240758,0.9131884377064133,0.8991088478676003,0.8557206905072898,0.7116204330175914,0.7891627344694458,0.8442171685088722,0.832335599882531,0.7628276450953502,0.7097196751375425,0.6944091486658196,0.8114335898293744,0.4621127125226547,0.37473863548362113,0.3238788397730922,0.3189209938581798,0.2993362831858407,0.24051779446729818,0.25618495137348574,0.2546784859997186,0.27086247086247084,0.2875886524822695,0.27483683828861494,0.24227776467814194,0.25263157894736843,0.3170731707317073,0.2125984251968504,0.18840579710144928
longTermDebtToCapitalization,0.17930924780784602,0.2339084407450806,0.30127377929484245,0.31999685212874796,0.2800396246543729,0.27799793343855383,0.26439529295792,0.26475893842060866,0.17943593160115479,0.24114052350443158,0.2558146864166404,0.21588876096005669,0.21035102774712924,0.15689883669562657,0.16913006756756757,0.209363840761804,,,,,,,,,,,,,,,,
totalDebtToCapitalization,0.21829132024014697,0.27775555682532427,0.42354516887889143,0.3717883471711282,0.33766298796242517,0.3105639224105216,0.29809998589098435,0.2695744104792233,0.21519693087839004,0.24148844913775253,0.2626467649263053,0.2566539604708569,,0.1671192358046841,,,,,,,,,,,,,,,,,,
interestCoverage,31.610599078341014,23.28205128205128,16.552968568102443,13.053022269353129,13.905923344947736,18.727810650887573,19.02826855123675,16.569148936170212,19.2041166380789,16.88758389261745,12.219745222929935,14.709470304975923,-14.673346693386774,10.18554476806904,9.32,9.57045143638851,11.462132921174652,,34.871428571428574,3.2614525139664803,-10.547368421052632,2.9196750902527078,,10.626262626262626,6.209923664122138,21.890625,,,,,,
cashFlowToDebtRatio,1.340794724969634,1.057807035589385,0.6418146436390173,0.534475341233525,0.41154313847613966,0.4737632231260692,0.4950698114695906,0.5897938686689942,0.7953858491147986,0.7037604115629593,0.5991558673166092,0.665598010991887,0.9613404565322973,1.7538082112287827,1.5767790262172285,1.2474731522425775,,,,,,,,,,,,,,,,
companyEquityMultiplier,2.3621320411871594,2.5013976793248944,2.913020166214888,2.5179150078696417,1.9628649621240757,1.9131884377064134,1.8991088478676001,1.8557206905072898,1.7116204330175913,1.7891627344694458,1.8442171685088722,1.8327422233266315,1.7628276450953502,1.7097196751375425,1.6944091486658195,1.8114335898293743,1.4621127125226547,1.3782234957020056,1.323878839773092,1.3189209938581798,1.2993362831858406,1.2405177944672983,1.2561849513734857,1.2546784859997187,1.270862470862471,1.2872340425531914,1.2741116751269035,1.242277764678142,1.2526315789473683,1.3170731707317074,1.2125984251968505,1.2028985507246377
receivablesTurnover,4.910112359550562,4.20549347436663,4.534684605975887,4.696753308578502,4.799540091981604,4.866785255460026,4.998576512455516,5.063587540279269,5.112759019669717,5.736114570361146,5.5343834037648865,8.123351592615135,11.36827195467422,10.348076419785396,8.754575081474053,8.62367544656373,11.191787003610107,12.07945205479452,12.468956406869221,14.073660714285714,11.915018706574024,6.556286802909595,9.785829307568438,6.516949152542373,5.504273504273504,6.574638844301766,5.153645833333333,5.231481481481482,5.0310077519379846,5.573770491803279,5.228571428571429,4.375
payablesTurnover,7.58848433530906,7.9431920649233545,9.343370568237008,9.834033613445378,12.83826714801444,17.317234848484848,17.644927536231883,18.772286821705425,18.626822157434404,20.78230500582072,18.97146118721461,16.086033519553073,19.293333333333333,16.174913693901036,16.012722646310433,11.064772727272727,11.061224489795919,10.531202435312025,9.503367003367003,14.685106382978724,17.42391304347826,9.128552097428958,11.745152354570637,11.718875502008032,10.826086956521738,9.155844155844155,14.311111111111112,12.050473186119874,8.44,6.9375,7.75,4.8
inventoryTurnover,11.49711353431687,13.742589703588143,13.910339840925523,10.143011917659805,11.00309405940594,15.026294165981923,11.972956361401351,12.17661847894406,12.985772357723578,10.734816596512328,11.18371467025572,10.849284099472495,12.125698324022347,11.381376518218623,9.520423600605143,7.102115244347192,6.268311488049345,5.732394366197183,6.466208476517755,7.843181818181818,6.6633016627078385,5.47564935064935,6.5030674846625764,8.060773480662984,8.788235294117648,4.6843853820598005,9.070422535211268,13.691756272401435,8.791666666666666,12.333333333333334,10.333333333333334,6.0
fixedAssetTurnover,21.307955517536357,14.612033195020746,18.610254571531016,16.4105123087159,14.450632149307646,14.046491728465488,14.754201680672269,14.49630996309963,14.631848284166164,13.53938859494415,11.03626149131767,10.159857904085257,8.933217907494434,9.525415562515057,8.97045979964038,8.280232558139534,7.470180722891566,6.7006079027355625,5.073367374361731,4.611165285226718,8.604013894249325,13.273492286115006,15.173533083645443,14.216806722689075,13.819742489270386,12.374622356495468,14.445255474452555,16.059431524547804,13.244897959183673,12.142857142857142,14.076923076923077,17.5
assetTurnover,0.5109695682944091,0.5197621582870336,0.530753734929903,0.45346742167965876,0.36978693247469535,0.40481866307171277,0.4336217617951364,0.4483991858009778,0.48034904289907204,0.5019780076068833,0.49621677478615306,0.49352890422778256,0.5301344527947394,0.673204617427725,0.654705661792276,0.6576012928546693,0.7319599799309389,0.619345957183795,0.5087449807313984,0.5004630242095516,0.6326408990294569,0.5758442348646182,0.8253989813242785,0.9486374341146125,1.1812179016874542,1.1283746556473828,1.126351735913489,1.179652652557654,1.0907563025210083,1.0493827160493827,1.1883116883116882,0.8433734939759037
operatingCashFlowPerShare,3.6482530689329558,3.641643059490085,3.555131372108691,2.799836099160008,2.748266983561101,2.667059748427673,2.4391760590750096,2.3351637947358457,2.3966542750929367,2.1263878608438196,1.8117921984540715,1.7747732030704815,1.6897729212907633,1.9615447022553951,1.6127693535514764,1.2594068877551021,1.1445856019358742,1.0410818713450292,0.7254603350408417,0.8845172552705788,0.8882712618121178,0.825625168055929,0.690631808278867,0.44777164619928495,0.23051838235294117,0.17688515312916112,0.06897089578250261,0.07057796125081824,0.037882049074472665,0.0275530286464028,0.009764758100310697,0.002501876407305479
freeCashFlowPerShare,3.484891406987724,3.4598677998111427,3.3509993262968787,2.6289694734685516,2.5573380867498514,2.441823899371069,2.2007384376214536,2.0937322476803635,2.1810408921933084,1.9180236861584012,1.600754988315657,1.5989183531053734,1.5181833703261056,1.7558007463897451,1.4130885873902634,1.1363201530612246,1.0399274047186933,0.9514619883040936,0.626194102173612,0.5298778031422049,0.5721234018899388,0.6199247109438021,0.5997510115157174,0.38328493704337013,0.177721547314578,0.12980792276964048,0.049465493203206694,0.05732931088688511,0.03056392595781317,0.02274218237480866,0.007323568575233023,0.0015011258443832875
cashPerShare,5.788007554296506,6.944995278564684,7.508196721311475,9.536570374923171,13.961576549811843,12.92374213836478,11.740380878352118,9.860632455974248,9.407063197026023,9.01480384900074,8.014560488944815,6.954117236566644,5.975926242103466,4.256855427551517,3.5540303272146847,2.8402423469387754,1.0539927404718694,1.2673976608187134,1.1747196455766302,1.6994762991808783,0.9598387993329628,0.742807206238236,0.3137254901960784,0.26301880926472876,0.20396419437340155,0.17276964047936086,0.07668177065179504,0.011914893615886164,0.0191562634524322,0.03411327356221299,0.020195295162006213,0.01426069552164123
payoutRatio,0.5819091681616467,0.5364722668093455,0.5144996127699853,54.25454545454546,0.5735248204807992,0.44231306453114816,0.4549604721077831,0.4785432318859035,0.33156365821897227,0.1866683248352195,0.10138674884437596,0.0,0.0,0.0,0.0,0.0,0.0,0.0,0.0,0.0,0.0,0.0,0.0,0.0,0.0,0.0,0.0,0.0,0.0,0.0,0.0,0.0
operatingCashFlowSalesRatio,0.3102091613473042,0.31289426177967994,0.30500539457459924,0.2770322319075613,0.2890532236225393,0.2755497796820111,0.25532434246658936,0.2615926350176064,0.26527043429958647,0.24947352423959532,0.23321301309639503,0.2540709290709291,0.27402608190049005,0.30574102175012646,0.28933050798923315,0.2773135795534335,0.3051489859279868,0.3230210932184169,0.27757177667125754,0.34824213587100183,0.2867267752209214,0.32443998309382927,0.36514727661675167,0.34052665799739923,0.22393214285714286,0.25945458984375,0.19997726124305204,0.25543041029766694,0.2711864406779661,0.37058823529411766,0.24043715846994534,0.14285714285714285
freeCashFlowOperatingCashFlowRatio,0.955221949009965,0.95008427330481,0.9425810119386014,0.9389726328113567,0.93052752954742,0.9155490051584377,0.902246653919694,0.8966104443723646,0.9100356755079883,0.9020102689061005,0.8835201904950888,0.9009141846063108,0.8984540769930282,0.8951112581685831,0.876187648456057,0.9022661096341309,0.9085623678646935,0.9139165847493329,0.8631679389312977,0.599058752087445,0.6440863579474343,0.7508549096238397,0.868409193330329,0.8559830446986042,0.7709647512729497,0.7338542578237476,0.7171937183358391,0.8122834645669291,0.8068181818181818,0.8253968253968254,0.75,0.6
cashFlowCoverageRatios,1.340794724969634,1.057807035589385,0.6418146436390173,0.534475341233525,0.41154313847613966,0.4737632231260692,0.4950698114695906,0.5897938686689942,0.7953858491147986,0.7037604115629593,0.5991558673166092,0.665598010991887,,1.7538082112287827,,,,,,,,,,,,,,,,,,
shortTermCoverageRatios,6.1618819776714515,5.133444259567388,1.55342949661466,2.609011072928599,1.7362362362362362,3.262019230769231,3.220939183987683,24.275590551181104,3.9275053304904053,370.6774193548387,17.141156462585034,3.2858527131782944,,24.178,,,,,,,,,,,,,,,,,,
capitalExpenditureCoverageRatio,-22.332369942196532,-20.033766233766233,-17.415841584158414,-16.38609112709832,-14.394190871369295,-11.841186736474695,-10.229828850855746,-9.672156862745098,-11.11551724137931,-10.205150976909414,-8.585178875638842,-10.092261904761905,-9.84776119402985,-9.53391167192429,-8.07673860911271,-10.231865284974093,-10.936416184971097,-11.616639477977161,-7.308228730822873,-2.494131010980689,-2.80967032967033,-4.013725490196078,-7.5993150684931505,-6.943626866067404,-4.366140170815963,-3.757339838778108,-3.535989349725702,-5.327181208053691,-5.176470588235294,-5.7272727272727275,-4.0,-2.5
dividendPaidAndCapexCoverageRatio,2.8247121184426978,2.940526115135341,3.1224852071005915,2.6618620958317103,3.0516824279744887,3.765260821309656,4.390346274921301,4.9665726943213855,5.997209302325581,30.642666666666667,-19.532945736434108,,,,,,,,,,,,,,,,,,,,,
dividendPayoutRatio,0.5819091681616466,0.5364722668093455,0.5144996127699855,54.25454545454546,0.5735248204807992,0.4423130645311482,0.45496047210778306,0.4785432318859035,0.33156365821897227,0.1866683248352195,0.10138674884437597,,,,,,,,,,,,,,,,,,,,,
priceBookValueRatio,6.068435717407632,4.711879746835443,6.24754374591165,5.26353555226368,2.407812042411963,2.5269562482307424,2.1713917576133204,2.302409455307657,2.168562246278755,2.039961108372655,1.854097742768814,2.631175367655364,3.343219762025513,4.343324421069484,6.189374205844981,5.615737704918033,5.033040191076206,5.040083901494618,4.891096364479647,3.7655998743718593,4.77875958702065,18.54447201569989,18.29617386111585,15.538648549880401,12.66876456876457,13.019700314893617,14.534557888324874,7.69768579080981,11.39590442105263,9.159012601626017,8.529467716535432,3.8232173913043477
priceToBookRatio,6.068435717407632,4.711879746835443,6.24754374591165,5.26353555226368,2.407812042411963,2.5269562482307424,2.1713917576133204,2.302409455307657,2.168562246278755,2.039961108372655,1.854097742768814,2.631175367655364,3.343219762025513,4.343324421069484,6.189374205844981,5.615737704918033,5.033040191076206,5.040083901494618,4.891096364479647,3.7655998743718593,4.77875958702065,18.54447201569989,18.29617386111585,15.538648549880401,12.66876456876457,13.019700314893617,14.534557888324874,7.69768579080981,11.39590442105263,9.159012601626017,8.529467716535432,3.8232173913043477
priceToSalesRatio,5.027794858003131,3.6241552909677286,4.040850244566893,4.609888303263735,3.317268306405583,3.262717322882612,2.6368004138646484,2.7669743600398795,2.6375912934351016,2.271367217472482,2.0260451663658663,2.908947052947053,3.5774126905058563,3.773551437455741,5.579333944218545,4.71434910827131,4.702861714769566,5.904522877750056,7.262026697743405,5.70483901665345,5.813482259005069,25.960105399408285,17.64585733091986,13.055109970918549,8.439285714285715,8.963758517578125,10.127920832743811,5.252757110028062,8.340608012326657,6.626815,5.91935737704918,3.7686
priceEarningsRatio,23.649767183079973,15.933162118780096,18.04804157077704,2067.325363636364,16.572532526693724,14.962197597541671,14.433553629439928,16.610302467974023,12.842372032455174,13.010999304066658,13.491775038520803,14.996039654950431,21.063810587381806,18.530330829234973,26.570503204691125,24.06514695340502,20.316264307263545,29.576279672801636,38.31541084404696,57.003185419968304,-127.81061143984222,184.17274175412294,102.3223998091603,81.8023520325926,51.81029551954242,40.21418936254107,47.60844495961995,20.73412857340388,31.471247674418606,26.82282261904762,25.191683720930232,18.843
priceToFreeCashFlowsRatio,16.967530431919794,12.191217248908297,14.055508048116874,17.721772911471323,12.33313700813197,12.932955569864777,11.446158511788079,11.797115427421543,10.925975796829725,10.093723627978775,9.832860190903986,12.708591380250954,14.530523407894737,13.788579968302376,22.008528182536992,18.84152097656798,16.96272155148342,20.000800067609095,30.310090647800134,27.3459275215408,31.47922273500122,106.5653600086749,55.64809289050337,44.78826674594188,48.88264890369536,47.07810486147975,70.6160147974337,25.31670061172889,38.12010281690141,21.6645875,32.82552727272727,43.967
priceToOperatingCashFlowsRatio,16.20775748906432,11.582683780630104,13.24845499930516,16.64025976876921,11.476323511746902,11.840754605747973,10.32725821749522,10.577416905692507,9.943027764851868,9.104642363936993,8.687530508979066,11.44935024083358,13.055007996665656,12.34231316378526,19.283600554235946,17.000065831117862,15.411690458245243,18.279062890043534,26.162698473282443,16.38181721572795,20.275337922403008,80.01512375834555,48.325315457413254,38.337996935964576,37.68679925360042,34.54846770286979,50.64536222663012,20.564337284298837,30.755992045454544,17.88188174603175,24.619145454545453,26.380200000000002
priceCashFlowRatio,16.20775748906432,11.582683780630104,13.24845499930516,16.64025976876921,11.476323511746902,11.840754605747973,10.32725821749522,10.577416905692507,9.943027764851868,9.104642363936993,8.687530508979066,11.44935024083358,13.055007996665656,12.34231316378526,19.283600554235946,17.000065831117862,15.411690458245243,18.279062890043534,26.162698473282443,16.38181721572795,20.275337922403008,80.01512375834555,48.325315457413254,38.337996935964576,37.68679925360042,34.54846770286979,50.64536222663012,20.564337284298837,30.755992045454544,17.88188174603175,24.619145454545453,26.380200000000002
priceEarningsToGrowthRatio,-4.256958092954443,11.056133996961917,0.0015723915683812154,-20.92103235548331,-1.6857260615646297,0.7146116892020911,0.8312275765301913,-0.8362975187497829,0.5198189470670637,0.4723851563220465,-0.948945699854586,0.5022289779742585,-1.0616495320777797,1.5943249283809637,0.841844002354614,9.764039787492056,0.5696065692665997,1.0129221445463925,0.40387201179949966,0.20329323118948484,0.917629077149605,17.76146619290503,1.864979922177382,3.2519247010016894,5.008328566889106,0.3754313619454941,9.888994501998216,0.27645504764538503,12.581999543528857,10.555095760855759,9.767982690518169,6.480980208243697
priceSalesRatio,5.027794858003131,3.6241552909677286,4.040850244566893,4.609888303263735,3.317268306405583,3.262717322882612,2.6368004138646484,2.7669743600398795,2.6375912934351016,2.271367217472482,2.0260451663658663,2.908947052947053,3.5774126905058563,3.773551437455741,5.579333944218545,4.71434910827131,4.702861714769566,5.904522877750056,7.262026697743405,5.70483901665345,5.813482259005069,25.960105399408285,17.64585733091986,13.055109970918549,8.439285714285715,8.963758517578125,10.127920832743811,5.252757110028062,8.340608012326657,6.626815,5.91935737704918,3.7686
dividendYield,0.024605281043864512,0.033670169349310546,0.028507226712235132,0.02624383486453885,0.034606950962806124,0.02956203870772442,0.03152102966381101,0.028810025152074908,0.02581794526595604,0.014346962940569469,0.007514707927971182,,,,,,,,,,,,,,,,,,,,,
enterpriseValueMultiple,16.250526046792647,11.088949459145633,13.529704715527195,15.08846234697663,11.743842493779967,11.538869554172487,10.423305309733268,11.377838508457241,9.638542475813853,8.321512720221607,8.84190693847701,12.07875771678222,14.927740922004016,11.674781358270153,16.74052885837783,14.219583721652688,11.544951855963681,18.96553274936253,19.746076512455517,17.69561848256023,80.36530927835052,77.15218165980362,56.19167543398211,38.87448717509728,22.88573846804909,21.922716539109505,26.880969279132792,11.985151004562061,18.63686712802768,15.476343356643357,14.09787027027027,9.11208
priceFairValue,6.068435717407632,4.711879746835443,6.24754374591165,5.26353555226368,2.407812042411963,2.5269562482307424,2.1713917576133204,2.302409455307657,2.168562246278755,2.039961108372655,1.854097742768814,2.631175367655364,3.343219762025513,4.343324421069484,6.189374205844981,5.615737704918033,5.033040191076206,5.040083901494618,4.891096364479647,3.7655998743718593,4.77875958702065,18.54447201569989,18.29617386111585,15.538648549880401,12.66876456876457,13.019700314893617,14.534557888324874,7.69768579080981,11.39590442105263,9.159012601626017,8.529467716535432,3.8232173913043477
