,2021,2020,2019,2018,2017,2016,2015,2014,2013,2012,2011,2010,2009,2008,2007,2006,2005,2004,2003,2002,2001,2000,1999,1998,1997,1996,1995,1994,1993,1992,1991,1990,1989,1988,1987,1986
period,FY,FY,FY,FY,FY,FY,FY,FY,FY,FY,FY,FY,FY,FY,FY,FY,FY,FY,FY,FY,FY,FY,FY,FY,FY,FY,FY,FY,FY,FY,FY,FY,FY,FY,FY,FY
currentRatio,1.430958230958231,1.8646311807619562,5.189797449362341,1.4652070639264692,1.4293762911336936,0.9696101251091068,1.2700473227019318,1.7477021718182493,2.0130096744268235,1.8039989539002876,1.503431185025604,1.7337184552919824,1.8908741886879925,1.525308213152395,1.3965421695513531,1.3802905890331425,1.2981738404451055,1.3253001653736163,2.1319888435025143,1.886701461773855,1.842746541314507,1.447469907907397,1.6959650112866818,1.2877885871932626,1.179511636779855,1.1519174041297935,1.1544172234595398,0.9810701665825341,1.1801189464740867,1.0828625235404896,1.2426682001150087,1.3094318808604524,1.1736111111111112,1.4689655172413794,2.028368794326241,1.462406015037594
quickRatio,0.8866093366093366,1.361794109700081,4.6843535208126355,0.8834865227718682,0.8664107004987167,0.6036950829211521,0.7705983404641514,1.230338744348084,1.4504572160621991,1.1759111766244263,0.8597487840445941,1.1655799493699077,1.317929633171071,0.8332816654566305,0.7667602461228207,0.8102194054536672,0.7596842262096302,0.8355772138586904,1.5204698830364862,1.2403984155686503,1.2699150884601698,0.865099063365209,1.1357223476297968,0.7390736169594889,0.6789393361312476,0.6175726927939317,0.5756000989853997,0.49318525996971224,0.6040781648258283,0.557909604519774,0.5324899367452559,0.5410921125206839,0.5972222222222222,0.7517241379310344,0.7092198581560284,0.5263157894736842
cashRatio,0.31769041769041767,0.815320183734126,4.037286348614181,0.16271816585768872,0.13152348559146965,0.14019493744544662,0.12816024893037728,0.5569639018604996,0.6880770420108672,0.3991108152445258,0.12871462032373704,0.4941305767388435,0.623667130273528,0.14311115417779408,0.08245521410912898,0.1292143785301087,0.13909589497598945,0.2765830596026129,0.8914154534446664,0.6405242343390405,0.694547495610905,0.17370353643450429,0.3672404063205418,0.06083926237839408,0.06352537199542159,0.05562579013906448,0.019549616431576343,0.005047955577990914,0.02888700084961767,0.00800376647834275,0,0.003309431880860452,0.034722222222222224,0.16551724137931034,0.09219858156028368,0.17293233082706766
daysOfSalesOutstanding,57.39024887108275,66.25493627714953,65.03570411644176,64.02774845423014,70.12973480198804,68.8839560725963,70.3637340673342,66.60391286444576,65.89779265613558,65.30878294013274,69.18423340670978,61.345928249598074,62.55227476450919,54.46158072924214,65.69069583962948,63.707619020624804,64.35657101377834,65.22268732343092,59.85319735483038,60.526803098466495,56.48228235500645,68.03951371401753,62.18425497310147,58.588144329896906,57.41053144807411,53.7256471107677,55.16242937853107,54.776906960502835,46.31337269234374,44.92307692307692,40.64333814333814,42.36607142857142,39.47263017356475,43.391608391608386,51.46677471636953,75.5726872246696
daysOfInventoryOutstanding,87.8145378662725,85.28698134366398,74.9715543557787,79.35288359758249,82.57041734257484,82.66395505975251,78.03818133583658,70.5813879826423,71.06430941880267,74.82291631340364,82.1586640983508,68.0037864525324,61.3832599626265,61.7029182825825,72.79329549665816,68.55127226289603,66.35278209586605,64.29370600675168,62.03952600617027,63.49987191774074,63.73157367301575,77.61859363530178,64.60722852158744,68.95439149731371,58.50505205143907,63.638148907103826,75.1131383141372,58.41969203102169,52.15670650730412,55.161121885722814,66.46286758597773,79.64678178963894,52.14285714285714,73,92.98809523809524,129.61647727272728
operatingCycle,145.20478673735525,151.5419176208135,140.00725847222046,143.38063205181263,152.70015214456288,151.54791113234882,148.4019154031708,137.18530084708806,136.96210207493823,140.1316992535364,151.3428975050606,129.34971470213048,123.93553472713569,116.16449901182463,138.48399133628766,132.25889128352082,130.70935310964438,129.5163933301826,121.89272336100065,124.02667501620724,120.2138560280222,145.65810734931932,126.79148349468892,127.54253582721061,115.91558349951319,117.36379601787152,130.2755676926683,113.19659899152452,98.47007919964787,100.08419880879973,107.10620572931587,122.01285321821035,91.61548731642189,116.39160839160839,144.45486995446475,205.18916449739686
daysOfPayablesOutstanding,81.53073645769933,76.24477520644307,69.72727502081389,71.15628450130322,67.72765816251291,71.81231617159968,76.31012386996714,72.25776820499826,70.85312868433692,63.802070969127634,65.60500442513883,67.48574472627867,64.99764340989697,59.90159401840568,68.64536170460192,64.93585678068514,62.943014378297725,55.898032745539,54.72369642662995,47.93832525728412,36.7651293162996,44.1663127132377,42.42150021805495,33.80576967998131,37.774035517452546,34.34340846994535,34.33849760472939,38.80971113858604,35.09428950863214,33.978815455766075,40.083900980229274,46.094540380254664,36.64092664092664,44.104166666666664,39.976190476190474,60.14204545454545
cashConversionCycle,63.674050279655916,75.29714241437044,70.27998345140657,72.2243475505094,84.97249398204997,79.73559496074914,72.09179153320365,64.9275326420898,66.1089733906013,76.32962828440876,85.73789307992176,61.863969975851816,58.93789131723872,56.26290499341895,69.83862963168573,67.32303450283568,67.76633873134665,73.61836058464361,67.16902693437069,76.08834975892312,83.4487267117226,101.49179463608162,84.36998327663397,93.7367661472293,78.14154798206064,83.02038754792616,95.9370700879389,74.38688785293849,63.37578969101573,66.10538335303366,67.0223047490866,75.91831283795568,54.974560675495255,72.28744172494171,104.47867947827427,145.04711904285142
grossProfitMargin,0.6095134621260992,0.559818704002872,0.5574029512425256,0.5583421303976273,0.5560647473772075,0.5529190162536133,0.5233889831786064,0.524385099780052,0.5208494612407155,0.5155582572123283,0.5081659161221438,0.501930604285428,0.47208308173009095,0.4678255234749386,0.45718601001621906,0.44218469751794526,0.43145181086236883,0.4198778656934862,0.40406443218541577,0.3902046040052154,0.3818739946976082,0.426644293720884,0.42624796697109973,0.41154639175257735,0.3630424183325207,0.3536067111871516,0.34012644605864945,0.309614340032591,0.2943491706494237,0.29367755532139095,0.2762145262145262,0.3175,0.308411214953271,0.32867132867132864,0.3160453808752026,0.20704845814977973
operatingProfitMargin,0.2534546565714868,0.18986716926943098,0.18253485268911457,0.1711054139647112,0.1648253926687289,0.1629448419655973,0.16870510769290623,0.172307645954062,0.17129929908986297,0.17333136185406672,0.1626561942607271,0.16408689741613056,0.1379065310867168,0.14723240623948608,0.157874306508928,0.15818352374493613,0.15838633467189267,0.16041293594226758,0.15980634982761213,0.15317598059263765,0.132721330441376,0.14615711832646555,0.14325034405104467,0.12604810996563573,0.13013164310092637,0.12484132678403885,0.12126715092816788,0.11321486769612787,0.08715209446162496,0.0642781875658588,0.041967291967291966,0.09,0.12550066755674233,0.14685314685314685,0.1393841166936791,0.09030837004405286
pretaxProfitMargin,0.2579703256035039,0.20171423442828937,0.18453919636426575,0.16552556175539135,0.16032995630043045,0.15467587546794295,0.16164877863746224,0.17484357581174864,0.186525787216236,0.16488138266412564,0.15212969856822706,0.17744267380020998,0.12739042451554045,0.1377683057141525,0.14847735567028122,0.1506993661375657,0.15460084681911815,0.15353037993259402,0.1505579276885216,0.1436387755744083,0.12591435590322025,0.13842108732198857,0.13433629425747529,0.10347079037800687,0.12374451487079473,0.11579005463877698,0.11642453591606133,0.10599829285326298,0.08527785587105238,0.05974710221285564,0.03162578162578163,0.07392857142857143,0.1054739652870494,0.1020979020979021,0.06969205834683954,0.039647577092511016
netProfitMargin,0.21841578107493295,0.16361514988332435,0.16795171709163592,0.13325792992509927,0.13595967200772516,0.15126403828839502,0.1632730473518098,0.13048237905372154,0.14096662830840045,0.13100479726621542,0.1350025542958782,0.13580656297902488,0.10296918945818027,0.10377125937668144,0.1242439971206023,0.11692181779758334,0.11243998525180145,0.10828384476160934,0.10140660642599109,0.06344249100766577,0.07869647243951265,0.08582110590434533,0.08182159389465783,0.06285223367697594,0.07547537786445636,0.11468624096252553,0.07290825934893731,0.06339722200667339,0.016587011526567334,0.03329820864067439,0.015993265993265993,0.0425,0.0814419225634179,0.06153846153846154,0.03079416531604538,0.03303964757709251
effectiveTaxRate,0.164648591734667,0.18887652947719688,0.2641212597948749,0.1949404761904762,0.15958894786987887,0.17535327231647072,0.21820096269554753,0.25371934057096907,0.24425126191811553,0.23631592932111067,0.20939281793934184,0.23464542057151883,0.19170385176305782,0.24676972080944054,0.2584455796503449,0.22413862251516417,0.2727078307445793,0.2947073744678397,0.3264611968106796,0.3396773683281924,0.375,0.3799997705211465,0.3909196740395809,0.39256061109266027,0.3900709219858156,0.38989513822688276,0.3887926054303871,0.4019033674963397,0.4098901098901099,0.4426807760141093,0.49429657794676807,0.4251207729468599,0.4050632911392405,0.4520547945205479,0.5348837209302325,0.5
returnOnAssets,0.07733458357376419,0.04787227058468245,0.04845558104172573,0.05542047770867088,0.053422825122297346,0.056378917900974275,0.06962353438872552,0.07024278419212959,0.0777279780342753,0.07262074618256883,0.07253102202521469,0.08070349320546803,0.058774142120965,0.07533569794343414,0.0784059693445517,0.08722137978635357,0.0979798450504081,0.0878278075789276,0.07791438378531361,0.04816454074333923,0.06175003625155404,0.08041637243441256,0.08585212168947524,0.06678351042465404,0.08235356705857318,0.11772704096085207,0.07294751009421264,0.07198872147325755,0.020286532951289397,0.041049623278773706,0.018095238095238095,0.047951645399597044,0.1203155818540434,0.0763888888888889,0.02900763358778626,0.020242914979757085
returnOnEquity,0.14242699315872207,0.09168636523663432,0.09937695321533105,0.09395556878756947,0.09454742736605687,0.11101691967934338,0.14172045098626865,0.1111467570076268,0.12039150692642046,0.12579601924644387,0.12849996359018628,0.13077081848820765,0.0990272202243543,0.13433477812547853,0.1507760336916698,0.16886176267860206,0.176720107866584,0.16148297653388263,0.1472105396948317,0.09648826969971747,0.13356675488403857,0.16691936964464898,0.15308988764044945,0.13530108004142624,0.16882975242665504,0.25965263026365115,0.18488828244925806,0.171602604494854,0.04866648336541105,0.09070034443168772,0.0416536172878171,0.11704918032786885,0.3177083333333333,0.28205128205128205,0.18446601941747573,0.23076923076923078
returnOnCapitalEmployed,0.09947497468152018,0.0615337628528629,0.057207849587485454,0.07917471098602033,0.07218029305026961,0.07159830614789192,0.08249587413618442,0.10860159580697129,0.10863896924179295,0.11014828657834201,0.10153173209466781,0.11454795526484879,0.09162610502504981,0.12678691553785137,0.11945506482875955,0.14589640442516022,0.18343081892684962,0.17565194393101793,0.15353680286211716,0.14717602401259658,0.1319973843003858,0.18324710542726372,0.19586879356797673,0.17892682926829268,0.19690151235706382,0.1752808988764045,0.1666512616692855,0.19750913767429268,0.14597394443572437,0.10943667025475422,0.06219925147032614,0.13423295454545456,0.21763085399449036,0.16937354988399073,0.08365758754863813,0.037894736842105266
netIncomePerEBT,0.8466701763622005,0.8111234705228031,0.9101140592381932,0.8050595238095238,0.8479991833401388,0.9779420212154866,1.0100481347773766,0.746280659429031,0.7557487380818845,0.7945396572339577,0.887417483676485,0.7653545794284812,0.8082961482369422,0.7532302791905595,0.8367875125450568,0.7758613774848359,0.7272921692554206,0.7052926255321603,0.6735388031893205,0.4416808118417931,0.625,0.6200002294788535,0.6090803259604191,0.6074393889073397,0.6099290780141844,0.990467111534795,0.6262276140958983,0.5980966325036603,0.1945054945054945,0.5573192239858906,0.5057034220532319,0.5748792270531401,0.7721518987341772,0.6027397260273972,0.4418604651162791,0.8333333333333334
ebtPerEbit,1.0178164768921634,1.0623965965492792,1.0109806080626416,0.9673893883306892,0.9727260691116113,0.9492529717546985,0.958173589691851,1.0147174540261708,1.088888210327033,0.9512495655745474,0.9352837699151697,1.0813945329846093,0.9237446806303631,0.9357199901362787,0.9404782763804863,0.9526868700975565,0.976099656194353,0.9570947569206603,0.9421273175373377,0.9377369416449634,0.9487122792130053,0.9470704465642427,0.9377729257641921,0.8208833151581243,0.9509179467965531,0.9274977895667551,0.9600665557404326,0.9362577107607951,0.978494623655914,0.9295081967213115,0.7535816618911175,0.8214285714285714,1,1,1,1
ebitPerRevenue,0.2534546565714868,0.18986716926943098,0.18253485268911457,0.1711054139647112,0.1648253926687289,0.1629448419655973,0.16870510769290623,0.172307645954062,0.17129929908986297,0.17333136185406672,0.1626561942607271,0.16408689741613056,0.1379065310867168,0.14723240623948608,0.157874306508928,0.15818352374493613,0.15838633467189267,0.16041293594226758,0.15980634982761213,0.15317598059263765,0.132721330441376,0.14615711832646555,0.14325034405104467,0.12604810996563573,0.13013164310092637,0.12484132678403885,0.12126715092816788,0.11321486769612787,0.08715209446162496,0.0642781875658588,0.041967291967291966,0.09,0.1054739652870494,0.1020979020979021,0.06969205834683954,0.039647577092511016
debtRatio,0.45690276976341604,0.47772481978965614,0.5122242339114971,0.4098844927611979,0.4347568844509803,0.49052550706143905,0.5071979295842993,0.36607941781534775,0.35246681779639016,0.4206642178440242,0.43331948666698256,0.38008347612855486,0.40648498475664213,0.4391943843978729,0.47998387127699366,0.4834746575969141,0.4455648186658044,0.4561172362307837,0.4707282240332073,0.5008249096679546,0.5376840868435798,0.5182322302941281,0.43920448951462043,0.5064081498521196,0.512209395116242,0.5465979264630899,0.6054508748317631,0.5804916732751785,0.5831518624641834,0.5474149129644064,0.565578231292517,0.590329079919409,0.621301775147929,0.7291666666666666,0.8427480916030534,0.9109311740890689
debtEquityRatio,0.8414771846702238,0.9149524719609717,1.0505143604685734,0.6948862991947374,0.7694303859899386,0.9659041507990331,1.0324141104164997,0.5792557992309041,0.5459296949337288,0.7286882444193201,0.767692729329918,0.6158819809773314,0.6848773397754255,0.7831490487596449,0.923017277282689,0.936013430333531,0.8036373478205242,0.8386315335124799,0.8893884869892278,1.0033050914756418,1.1630231007463925,1.0756888751825768,0.7831811797752809,1.025965379494008,1.0500599847311594,1.2055479195301761,1.5345386320996077,1.383742911153119,1.3989551828430025,1.2095292766934558,1.3019104290635766,1.4409836065573771,1.640625,2.6923076923076925,5.359223300970874,10.384615384615385
longTermDebtToCapitalization,0.33796024859287055,0.3559536149261467,0.42260769383364105,0.25561368655168865,0.2815110015919053,0.2960553294366068,0.33669415239881845,0.12701832738353075,0.1330919371078925,0.2175600001645813,0.23547839157422606,0.1687736288700331,0.19897950293263422,0.2065382100178195,0.2720648206634933,0.26720213826910355,0.14445158662142452,0.1669069037334337,0.2604834881196429,0.28462467860274526,0.33433694184357504,0.26866963616716055,0.1663576934335057,0.23397744659148864,0.15070396443127085,0.21531522698303757,0.3141887940109954,0.1965912926088424,0.2654009291052313,0.28268478484661314,0.36331006979062813,0.3789452250050906,0.42686567164179107,0.6119402985074627,0.7923387096774194,0.8596112311015118
totalDebtToCapitalization,0.3400400356521866,0.3580330621206251,0.42665626195626233,0.25662961372372856,0.28530407832908083,0.3478416185167754,0.3520282707935023,0.12935590190492152,0.13517846725621321,0.21934268214584804,0.2388652846299917,0.17082262971013346,0.20140983706741256,0.21076214781735694,0.2908416935088322,0.2680783435275208,0.17015840388678866,0.22618132724062728,0.2626344833945057,0.30326308471481955,0.3484190598709168,0.29047792475168244,0.1798022463281175,0.2590034533793784,0.17774190655546587,0.22803125301437252,0.32601448442349695,0.2801632899909283,0.268650713854816,0.32637277648878577,0.36621675267963477,0.3800813008130081,,,,
interestCoverage,31.365546218487395,15.385454545454545,30.104972375690608,21.625158831003812,18.569145666871542,14.918112798264643,21.30896805896806,27.964955175224123,22.446196024674435,20.095873015873014,18.478406066211512,17.937271786379632,12.5756261414036,14.361370166085393,,,,,,,,,,,,,,,,,,,-3.590909090909091,-2.212121212121212,-1,-0.782608695652174
cashFlowToDebtRatio,0.3591440357511172,0.2799170348994499,0.1754239545414188,0.41292362658234344,0.3305233746115319,0.2870486592224305,0.29539097463948283,1.0820521679046466,1.0246641897685054,0.6391420710823305,0.4950371258947838,0.7379100835921248,0.6139467047864643,0.7097348213989155,0.44167129152036205,0.6357565960859853,1.155587575188006,0.7651762796064276,0.6632960782456927,0.542264520246358,0.510595465763299,0.6441793785133113,1.1187933796049119,0.7011640211640212,1.4046417759838548,0.9183587140439933,0.6142454160789845,0.7792768483540206,1.0164670658682635,0.4318720379146919,0.22655826558265582,0.37433155080213903,,,,
companyEquityMultiplier,1.8416985852502934,1.9152290901775386,2.050887659973704,1.6953222467959623,1.7697945990242125,1.9691211504686386,2.03552508832729,1.5823227721671136,1.5488825255859873,1.7322325349038992,1.7716552173429259,1.6203860984712286,1.6848773397754255,1.7831490487596449,1.923017277282689,1.936013430333531,1.803637347820524,1.8386315335124799,1.889388486989228,2.003305091475642,2.1630231007463925,2.0756888751825766,1.7831811797752808,2.025965379494008,2.0500599847311594,2.205547919530176,2.5345386320996077,2.383742911153119,2.3989551828430025,2.209529276693456,2.3019104290635766,2.440983606557377,2.640625,3.6923076923076925,6.359223300970874,11.4
receivablesTurnover,6.359965450226733,5.50902348578492,5.612301811117378,5.700653370013755,5.204639672894543,5.298766517058473,5.187331298403168,5.480158511750784,5.538880519179511,5.588834817739418,5.275768510063461,5.949865140436462,5.835119528012641,6.70197219971656,5.556342421628072,5.729299032221473,5.67152653179511,5.5962122227502205,6.098253996961169,6.030386230810985,6.462203451798851,5.364529816220638,5.8696530200110155,6.229929351316635,6.357718536887787,6.793775778027746,6.616822429906542,6.663391933815926,7.88109305760709,8.125,8.980561555075594,8.615384615384615,9.246913580246913,8.411764705882353,7.091954022988506,4.829787234042553
payablesTurnover,4.476839237057221,4.787213274768179,5.2346804014791335,5.129553946753854,5.389231074905623,5.0826936026936025,4.7831137140068325,5.05136,5.151501518389383,5.72081743516782,5.563599960068558,5.408549634896012,5.615588209839969,6.093326997072034,5.317183724235963,5.620931455986693,5.798896090458757,6.529746792012626,6.669871076588709,7.613949758174731,9.92788565653649,8.264217173162402,8.604127579737336,10.796973518284993,9.662721893491124,10.627949183303086,10.629469122426869,9.404862579281184,10.400552486187845,10.741987179487179,9.10590015128593,7.918508287292818,9.961538461538462,8.275862068965518,9.130434782608695,6.068965517241379
inventoryTurnover,4.156487170220456,4.279668411867365,4.868513173248173,4.599706821632375,4.420469361147327,4.415467415467416,4.677197671089052,5.171334971334971,5.136192879170171,4.878184625565236,4.442623355743278,5.3673481881008955,5.946246586157725,5.915441443602388,5.01419804543341,5.3244817776716795,5.500899713182343,5.677072028818346,5.8833460456112805,5.748043090115674,5.727145572658952,4.702481491934608,5.6495226362796425,5.293353941267388,6.238777459407832,5.735553379040157,4.859336305101535,6.247893258426966,6.9981412639405205,6.616979269496545,5.491788321167883,4.58273381294964,7,5,3.925233644859813,2.816
fixedAssetTurnover,7.7712401055408975,6.831391784181484,7.780668983492615,7.9217107359031536,7.46748961134197,7.171792693288021,7.277427802944508,9.039400817067635,8.645593090037535,8.529310103227614,7.658551444795073,11.07319364289111,9.78276457123965,11.453047978041822,9.945497792779221,10.975246120626556,10.672283913324744,9.14955124135751,9.232994689246814,7.66219100437076,7.088910212679826,6.563985258830541,6.391843262694922,6.178343949044586,6.118735083532219,5.66927409261577,5.093525179856115,4.718784328084951,4.527365294866356,4.459586466165414,4.019333011116482,4.290091930541369,5.992,6.059322033898305,4.896825396825397,3.6031746031746033
assetTurnover,0.3540704943258319,0.2925906960255249,0.2885089946135409,0.41588877855014894,0.39293140630158246,0.37271858228116383,0.4264239292276172,0.5383315716768897,0.551392758463553,0.554336541088613,0.5372566645387475,0.5942532631352474,0.5707934813339035,0.7259784490999723,0.6310644470689709,0.745980360460632,0.8713968152075895,0.8110887434065863,0.7683363691119803,0.7591842624451726,0.7846607902154203,0.9370232600363273,1.0492599520855896,1.062547924197612,1.0911315635473746,1.0265140785224633,1.0005383580080753,1.1355185478896819,1.2230372492836676,1.2327877370745648,1.1314285714285715,1.1282740094022834,1.4773175542406312,1.2413194444444444,0.9419847328244275,0.6126855600539811
operatingCashFlowPerShare,11.696053736356003,8.790710846785613,5.526713286713287,5.7407936054810165,4.998275366484622,5.0951967592592595,5.445924652628563,5.3523212759897465,5.151293103448276,4.925007210845111,3.8840393451932873,3.1910136957779773,2.8070924196841927,2.9105448066608006,2.6440276327415857,2.5119015922905086,1.9484971107622084,1.6720653538923629,1.4041174476518292,1.1821463281499627,1.0590945484926548,0.898870982459342,0.738726098482712,0.6146795799473079,0.592147269612343,0.4526338880616338,0.3637492097955599,0.15473222050491842,0.30689265536723165,0.16148734192546266,0.09428571435660581,0.16666666666666666,0.2186842105263158,0.2255050505050505,0.054285714285714284,0.11658031088082901
freeCashFlowPerShare,9.885250489784495,7.670631549136222,4.6379020979020975,4.804881530117043,4.107789594711124,4.2421875,4.539177768228048,4.501424095699231,4.358908045977011,4.264061147966542,3.3893834233749254,2.8582978410701876,2.513190341839041,2.607153033714198,2.383651698931641,2.2883412774689593,1.7523105809229376,1.4844933390297899,1.2731769407285718,1.0732589333262328,0.9188296316925434,0.7435687763653848,0.46780698290935757,-0.5282199710564399,0.4585738194268001,0.34567802229672445,0.24013294561704587,0.09633259434482108,0.21581920903954802,0.08639240514530924,0,0.0880952380952381,0.15842105263157893,0.18131313131313131,0.01090909090909091,0.10155440414507771
cashPerShare,3.6188077246011754,8.545737751345229,27.84937062937063,1.1244647445047102,0.9058637539522851,1.3942418981481481,1.1327889987107864,4.2802620336086585,4.475862068965517,2.4209691375829245,0.7941816321067662,2.499992345306295,2.6840833632098264,0.6150625780856147,0.3841400915736204,0.5159521273832407,0.5107573525841278,0.9857378205875118,2.004869748885238,1.34875752210033,1.2298248973055768,0.31046052123619877,0.45881747419482205,0.07773943374522246,0.0708279600506143,0.05504161513047965,0.01649608930760576,0.002143105547159535,0.015367231638418079,0.003765822788385275,0,0.0014285714285714286,0.013157894736842105,0.06060606060606061,0.033766233766233764,0.11917098445595854
payoutRatio,0.11534276387377584,0.1686780032912781,0.24955122664716442,0.16349164434720284,0.15179968701095461,0.3465951364686533,0.10546851730505749,0.08763084975369458,0.019332096474953618,0.03611738148984198,0.028229994144358145,0.029121026213050752,0.03622198064780534,0.029036202092998724,0.025020001401558065,0.021914763343906442,0.02400646023613277,0.023768096514745308,0.028548862404393166,0.04654414220826403,0.03922530361312213,0.030890186389811638,0.03784403669724771,0.057408419901585565,0.03811369509043928,0.024542829643888354,0.043357933579335796,0.0416156670746634,0.14689265536723164,0,0,0,0,0,0,0
operatingCashFlowSalesRatio,0.2837741486436017,0.2785855322204272,0.220622965647001,0.20218167194490524,0.18973578400082924,0.20860778088423446,0.18488457479660167,0.1887334411312758,0.1875353070404854,0.18701671376311582,0.16321807720561274,0.15787425842269576,0.16100527334170292,0.14640956424657034,0.14926422899791464,0.16123237412680833,0.15076338459133865,0.14997399591047045,0.1627435172263196,0.15519139077940555,0.16086715361813683,0.13559429262235437,0.13108344801701488,0.11384879725085911,0.1357386640663091,0.11981897455709477,0.11716437987624428,0.11205090401179484,0.12726080029987819,0.0768177028451001,0.05026455026455026,0.08333333333333333,0.1109479305740988,0.1248951048951049,0.03387358184764992,0.09911894273127753
freeCashFlowOperatingCashFlowRatio,0.8451782723139507,0.8725837628865979,0.8391790667071566,0.8369716558925907,0.821841393984703,0.8325856096314385,0.83349992109001,0.8410227756492125,0.8461774467966419,0.8657979502196194,0.8726439467121965,0.8957334921037772,0.8953001775843858,0.8957611742474163,0.9015229906882776,0.9109995727907108,0.8993139231484274,0.8878201653865213,0.9067453316371538,0.9078900875206062,0.8675614778682961,0.8272252535407861,0.6332617513719876,-0.8593419861153033,0.7744252873563219,0.7637033625057578,0.6601607347876005,0.6225761772853186,0.7032400589101621,0.5349794238683128,0,0.5285714285714286,0.7244283995186522,0.8040313549832027,0.20095693779904306,0.8711111111111111
cashFlowCoverageRatios,0.3591440357511172,0.2799170348994499,0.1754239545414188,0.41292362658234344,0.3305233746115319,0.2870486592224305,0.29539097463948283,1.0820521679046466,1.0246641897685054,0.6391420710823305,0.4950371258947838,0.7379100835921248,0.6139467047864643,0.7097348213989155,0.44167129152036205,0.6357565960859853,1.155587575188006,0.7651762796064276,0.6632960782456927,0.542264520246358,0.510595465763299,0.6441793785133113,1.1187933796049119,0.7011640211640212,1.4046417759838548,0.9183587140439933,0.6142454160789845,0.7792768483540206,1.0164670658682635,0.4318720379146919,0.22655826558265582,0.37433155080213903,,,,
shortTermCoverageRatios,38.87441860465116,31.04,10.6742301458671,77.64478764478764,17.86235233692861,1.3572529674734084,4.49810695693327,52.27260083449235,57.54895666131621,61.531531531531535,26.691875355719976,51.135914231741125,40.75575974290499,28.099412022551732,4.979953401113532,142.53809304467987,6.544139471924589,2.432452920805249,59.89183176920403,6.311839135611594,8.409406269003261,6.2749745813580295,12.473214285714286,5.558724832214765,7.842253521126761,12.922619047619047,11.613333333333333,2.0988372093023258,61.72727272727273,2.3142857142857145,18.17391304347826,77.77777777777777,,,,
capitalExpenditureCoverageRatio,-6.459041731066461,-7.8482932996207335,-6.218095987411487,-6.1339026994052155,-5.612976113621691,-5.973202170963365,-6.006003159557662,-6.29020920502092,-6.500997280145059,-7.451451014619245,-7.852002116775445,-9.590807443127439,-9.551114576206464,-9.593354422214539,-10.154654441571903,-11.235901122681655,-9.93185980892035,-8.914258105706349,-10.723323749424344,-10.856594834173926,-7.550673202208848,-5.787882896624973,-2.726740403383214,-0.5378246753246754,-4.43312101910828,-4.23196881091618,-2.9425675675675675,-2.6495412844036696,-3.369727047146402,-2.150442477876106,-1,-2.121212121212121,-3.62882096069869,-5.102857142857143,-1.251497005988024,-7.758620689655173
dividendPaidAndCapexCoverageRatio,-15.141304347826088,-35.27272727272727,34.302083333333336,-18.09266756635178,-14.41276419394944,11.918104906937394,-13.631409107206885,-10.163331530557057,-7.179215058069683,-9.182575961279914,-9.614813214813948,-12.623708468088715,-12.264755159027446,-11.953325531750727,-12.878141725875615,-13.678324212983018,-12.079927347897204,-10.524227145403616,-13.251057415752802,-13.683149054205032,-8.830065738873007,-6.526411680766486,-2.9144645340751043,-0.5471511147811726,-4.8927943760984185,-4.699134199134199,-3.1963302752293576,-2.8258317025440314,-3.6021220159151195,,,,,,,
dividendPayoutRatio,0.11534276387377584,0.1686780032912781,0.24955122664716445,0.16349164434720284,0.1517996870109546,0.34659513646865336,0.10546851730505749,0.08763084975369459,0.019332096474953618,0.03611738148984199,0.02822999414435814,0.029121026213050755,0.03622198064780534,0.029036202092998717,0.025020001401558065,0.021914763343906442,0.02400646023613277,0.023768096514745308,0.028548862404393166,0.04654414220826403,0.03922530361312213,0.030890186389811634,0.0378440366972477,0.057408419901585565,0.03811369509043928,0.024542829643888358,0.04335793357933579,0.0416156670746634,0.14689265536723162,,,,,,,
priceBookValueRatio,4.447521322355703,4.22377421382739,3.9930081404564164,2.7068591737290175,2.6820222532760205,2.4146987503573483,1.9358462814075805,1.8759817099045688,1.7749924024784123,1.6586688802040335,1.5899398888806617,1.6632501080731616,1.4919348533668793,1.3806276251861995,1.9246362886211807,2.542782103785717,2.617932015463108,2.7801564900945133,2.9196211160412306,2.287611253091458,3.0494753915191066,3.537343960687895,2.6586731439644193,4.043050857407901,3.067496747725384,2.7120549640313683,2.4577352985309093,4.806554485771023,2.190730265328568,1.6884141200962717,1.406283045189643,1.2071364590163935,0.6250208333333334,0.7732153846153846,0.8010242718446602,1.08852
priceToBookRatio,4.447521322355703,4.22377421382739,3.9930081404564164,2.7068591737290175,2.6820222532760205,2.4146987503573483,1.9358462814075805,1.8759817099045688,1.7749924024784123,1.6586688802040335,1.5899398888806617,1.6632501080731616,1.4919348533668793,1.3806276251861995,1.9246362886211807,2.542782103785717,2.617932015463108,2.7801564900945133,2.9196211160412306,2.287611253091458,3.0494753915191066,3.537343960687895,2.6586731439644193,4.043050857407901,3.067496747725384,2.7120549640313683,2.4577352985309093,4.806554485771023,2.190730265328568,1.6884141200962717,1.406283045189643,1.2071364590163935,0.6250208333333334,0.7732153846153846,0.8010242718446602,1.08852
priceToSalesRatio,6.820398450644757,7.537363372242864,6.748371245568391,3.8391598789151957,3.856761373961385,3.2901028535468892,2.230246371433782,2.2023364708051703,2.078341742190606,1.727348621081685,1.6703969415924949,1.7272988206636994,1.5513241937676365,1.0665106191784874,1.585958322730889,1.7606514412837142,1.665686156275549,1.8642586373382148,2.0111934243374043,1.5041388637702438,1.7967267102656377,1.8187150557576057,1.4209748118373575,1.87814300654433,1.3713250940952728,1.1978903845213886,0.969175548512693,1.7757434551684517,0.7466672265954456,0.619856142720275,0.5399545169902032,0.4383055,0.160218958611482,0.16870153846153846,0.13372042139384116,0.1558453744493392
priceEarningsRatio,31.22667426812374,46.06763724274821,40.18042424589456,28.809991878705343,28.366951148148146,21.750727342569608,13.659611354152025,16.87842057124384,14.743501828274582,13.18538448306998,12.373076571066731,12.718816990681653,15.065906626347568,10.277514463876152,12.76486880240513,15.058365277315293,14.814001909955447,17.216406024762467,19.832962518129627,23.70869806465352,22.831095912801302,21.191932177904032,17.36674567433639,29.881881624078733,18.16917162783853,10.444935455795497,13.293083076832767,28.009799151475935,45.015175,18.615299982327247,33.76136664128219,10.313070588235293,1.9672786885245903,2.7414,4.342394736842105,4.71692
priceToFreeCashFlowsRatio,28.43731534071914,31.006572897740448,36.44967046123458,22.687344405210467,24.733496241095796,18.943057231675876,14.472601350804723,13.874810342725173,13.097019390599247,10.668000392464572,11.727740516421052,12.214546293373035,10.762019990976171,8.132114810995853,11.785804198067808,11.98679186101955,12.28530606067643,14.001197953224974,13.629025821085227,10.675470703505724,12.874026143682537,16.21434719049516,17.118088426550113,-19.19703599945206,13.045397810711524,13.090817778735246,12.530175700249321,25.454956514745092,8.34312667539267,15.083166139526694,,9.95071945945946,1.9934219269102993,1.679966573816156,19.644166666666667,1.8049438775510205
priceToOperatingCashFlowsRatio,24.034601048916013,27.055832053327965,30.58780043944225,18.988664214634507,20.32701102889758,15.771716853518088,12.062912083862908,11.669031506045124,11.082402428583382,9.236332872737922,10.2341417702662,10.940978205826275,9.635238409087677,7.284432712212451,10.625173448308548,10.919962264519977,11.048346790506072,12.430545882441619,12.358055538031255,9.692154031329478,11.169009147328302,13.412917465655692,10.840230657137676,16.496819043296107,10.102685948237804,9.997501555570263,8.271929997294329,15.847649519914015,5.867220894698085,8.069183531434033,10.742253022226148,5.259666,1.4440914560770157,1.3507458006718924,3.947631578947368,1.5723066666666665
priceCashFlowRatio,24.034601048916013,27.055832053327965,30.58780043944225,18.988664214634507,20.32701102889758,15.771716853518088,12.062912083862908,11.669031506045124,11.082402428583382,9.236332872737922,10.2341417702662,10.940978205826275,9.635238409087677,7.284432712212451,10.625173448308548,10.919962264519977,11.048346790506072,12.430545882441619,12.358055538031255,9.692154031329478,11.169009147328302,13.412917465655692,10.840230657137676,16.496819043296107,10.102685948237804,9.997501555570263,8.271929997294329,15.847649519914015,5.867220894698085,8.069183531434033,10.742253022226148,5.259666,1.4440914560770157,1.3507458006718924,3.947631578947368,1.5723066666666665
priceEarningsToGrowthRatio,0.40841202924361836,2.2016045240429687,4.602484959075188,5.156988546288264,-9.515822703333344,-0.9341160581942841,0.4553203784717344,-3.8423228006302166,1.2110733644654124,1.7635451746106083,0.7213240383983588,0.2415902274949583,-1.1522628586447305,-1.6748542089279628,0.6113700321151929,0.6002718213285959,0.7140348920598527,0.4564956142929441,0.24380648191076545,-3.5055003567023446,-2.4788046991041415,0.8862080728941691,0.49205779410619777,8.732149852369643,-0.7505598279595199,0.03824326761373942,0.40457209364273616,0.23587199285453422,-1.0503540833333331,0.1396147498674543,-0.5217665753652702,-0.21624180265654647,0.282004565105943,0.4095191821645479,0.6306620293802899,0.6868350824248368
priceSalesRatio,6.820398450644757,7.537363372242864,6.748371245568391,3.8391598789151957,3.856761373961385,3.2901028535468892,2.230246371433782,2.2023364708051703,2.078341742190606,1.727348621081685,1.6703969415924949,1.7272988206636994,1.5513241937676365,1.0665106191784874,1.585958322730889,1.7606514412837142,1.665686156275549,1.8642586373382148,2.0111934243374043,1.5041388637702438,1.7967267102656377,1.8187150557576057,1.4209748118373575,1.87814300654433,1.3713250940952728,1.1978903845213886,0.969175548512693,1.7757434551684517,0.7466672265954456,0.619856142720275,0.5399545169902032,0.4383055,0.160218958611482,0.16870153846153846,0.13372042139384116,0.1558453744493392
dividendYield,0.0036937255272015304,0.003661529294468662,0.00621076634532206,0.005674824381607906,0.005351286651081091,0.015934875694492843,0.007721194591162281,0.0051918868465094005,0.0013112282753530906,0.002739198203603139,0.0022815662686814136,0.0022896017950715117,0.002404235041816839,0.002825216368710198,0.001960067258728413,0.0014553215399097793,0.0016205249858918757,0.0013805492552022474,0.0014394653536150333,0.001963167360828433,0.0017180648604401276,0.0014576389793291042,0.0021791092820096693,0.0019211782117270026,0.002097712315736071,0.0023497349263437023,0.0032616913118447407,0.001485753855270702,0.0032631808132975518,,,,,,,
enterpriseValueMultiple,21.959087766782957,28.12919868404278,23.84191922006835,17.933312484764286,18.473918286215355,15.459895102962466,10.93875154063397,9.756699980699977,8.708141576157502,8.584851685052426,9.142487788766125,8.388745590653935,9.826257690944932,7.106847881595372,10.174053530948626,11.429760048468584,9.937680875177659,11.19139749677496,11.516463812905076,11.479074590332406,11.122131942803374,11.133608228998655,8.378198719925166,14.38749670337726,9.02542518335679,6.645610239291748,7.329932559900393,13.64073173662022,9.630538034410845,8.052702339462058,10.647498761832825,6.323564652223489,2.863529411764706,5.562038961038961,39.87116379310345,70.45896666666667
priceFairValue,4.447521322355703,4.22377421382739,3.9930081404564164,2.7068591737290175,2.6820222532760205,2.4146987503573483,1.9358462814075805,1.8759817099045688,1.7749924024784123,1.6586688802040335,1.5899398888806617,1.6632501080731616,1.4919348533668793,1.3806276251861995,1.9246362886211807,2.542782103785717,2.617932015463108,2.7801564900945133,2.9196211160412306,2.287611253091458,3.0494753915191066,3.537343960687895,2.6586731439644193,4.043050857407901,3.067496747725384,2.7120549640313683,2.4577352985309093,4.806554485771023,2.190730265328568,1.6884141200962717,1.406283045189643,1.2071364590163935,0.6250208333333334,0.7732153846153846,0.8010242718446602,1.08852
