Datetime,Open,High,Low,Close,Adj Close,Volume
2022-12-14 09:30:00-05:00,4735.0,4789.990234375,4693.2001953125,4770.0439453125,4770.0439453125,855
2022-12-14 10:00:00-05:00,4765.52001953125,4793.580078125,4760.0,4760.0,4760.0,947
2022-12-14 10:30:00-05:00,4776.740234375,4796.89013671875,4767.0,4795.740234375,4795.740234375,944
2022-12-14 11:00:00-05:00,4795.81005859375,4800.5,4777.60009765625,4790.0,4790.0,786
2022-12-14 11:30:00-05:00,4788.0,4806.10009765625,4775.0498046875,4799.009765625,4799.009765625,774
2022-12-14 12:00:00-05:00,4796.580078125,4799.423828125,4787.0,4796.0,4796.0,335
2022-12-14 12:30:00-05:00,4779.18994140625,4797.18994140625,4775.0,4775.0,4775.0,712
2022-12-14 13:00:00-05:00,4788.0,4802.47998046875,4784.06982421875,4799.0,4799.0,383
2022-12-14 13:30:00-05:00,4796.0,4805.1201171875,4787.0,4799.47021484375,4799.47021484375,439
2022-12-14 14:00:00-05:00,4788.89990234375,4788.89990234375,4710.25,4731.18994140625,4731.18994140625,826
2022-12-14 14:30:00-05:00,4731.18994140625,4764.06982421875,4695.365234375,4737.0,4737.0,1263
2022-12-14 15:00:00-05:00,4731.5048828125,4790.60986328125,4731.5048828125,4754.740234375,4754.740234375,1613
2022-12-14 15:30:00-05:00,4742.75,4770.009765625,4736.6748046875,4751.56005859375,4751.56005859375,3297
2022-12-15 09:30:00-05:00,4665.31005859375,4705.56005859375,4650.10009765625,4688.68017578125,4688.68017578125,1017
2022-12-15 10:00:00-05:00,4700.0,4704.1201171875,4686.5,4704.1201171875,4704.1201171875,860
2022-12-15 10:30:00-05:00,4721.18994140625,4744.0,4698.3798828125,4720.0,4720.0,1138
2022-12-15 11:00:00-05:00,4709.990234375,4733.0400390625,4692.0,4733.0400390625,4733.0400390625,1416
2022-12-15 11:30:00-05:00,4733.0,4804.99951171875,4733.0,4804.99951171875,4804.99951171875,1222
2022-12-15 12:00:00-05:00,4810.0,4825.68994140625,4788.47216796875,4814.16015625,4814.16015625,1539
2022-12-15 12:30:00-05:00,4825.89013671875,4836.66015625,4813.77490234375,4820.0,4820.0,1566
2022-12-15 13:00:00-05:00,4820.39990234375,4835.68994140625,4803.3798828125,4820.10009765625,4820.10009765625,1600
2022-12-15 13:30:00-05:00,4830.0,4861.0,4830.0,4850.16015625,4850.16015625,1517
2022-12-15 14:00:00-05:00,4852.7099609375,4864.4599609375,4844.0498046875,4847.7900390625,4847.7900390625,1334
2022-12-15 14:30:00-05:00,4848.580078125,4882.68017578125,4848.580078125,4879.77001953125,4879.77001953125,1463
2022-12-15 15:00:00-05:00,4874.3798828125,4879.0400390625,4863.259765625,4879.0400390625,4879.0400390625,1742
2022-12-15 15:30:00-05:00,4877.90673828125,4878.93994140625,4829.2099609375,4846.91015625,4846.91015625,4988
2022-12-16 09:30:00-05:00,4813.6201171875,4818.4501953125,4766.97021484375,4786.0,4786.0,2657
2022-12-16 10:00:00-05:00,4770.0,4780.009765625,4750.81982421875,4769.875,4769.875,1088
2022-12-16 10:30:00-05:00,4773.990234375,4794.47998046875,4751.0,4794.47998046875,4794.47998046875,799
2022-12-16 11:00:00-05:00,4774.72021484375,4819.990234375,4774.72021484375,4802.9501953125,4802.9501953125,1072
2022-12-16 11:30:00-05:00,4793.06005859375,4808.22021484375,4774.6298828125,4774.6298828125,4774.6298828125,1088
2022-12-16 12:00:00-05:00,4772.7998046875,4785.35498046875,4764.0400390625,4774.89013671875,4774.89013671875,521
2022-12-16 12:30:00-05:00,4785.27978515625,4788.9248046875,4773.77001953125,4780.8349609375,4780.8349609375,331
2022-12-16 13:00:00-05:00,4768.5498046875,4796.5048828125,4764.5400390625,4775.60009765625,4775.60009765625,561
2022-12-16 13:30:00-05:00,4775.47998046875,4791.0,4774.5,4782.97021484375,4782.97021484375,670
2022-12-16 14:00:00-05:00,4792.06005859375,4795.4501953125,4775.49853515625,4782.0751953125,4782.0751953125,1592
2022-12-16 14:30:00-05:00,4787.89013671875,4801.68505859375,4766.3701171875,4797.73486328125,4797.73486328125,1578
2022-12-16 15:00:00-05:00,4801.0,4828.35009765625,4779.93994140625,4815.27001953125,4815.27001953125,849
2022-12-16 15:30:00-05:00,4811.9599609375,4830.830078125,4795.02978515625,4804.97998046875,4804.97998046875,4265
2022-12-19 09:30:00-05:00,4791.89013671875,4850.0,4773.0,4810.0,4810.0,930
2022-12-19 10:00:00-05:00,4829.77978515625,4829.77978515625,4788.35986328125,4815.240234375,4815.240234375,646
2022-12-19 10:30:00-05:00,4822.8798828125,4822.8798828125,4735.009765625,4765.76513671875,4765.76513671875,1352
2022-12-19 11:00:00-05:00,4752.18017578125,4753.0,4736.0,4743.0,4743.0,533
2022-12-19 11:30:00-05:00,4741.08984375,4760.93017578125,4720.0,4730.39013671875,4730.39013671875,983
2022-12-19 12:00:00-05:00,4753.16015625,4781.43017578125,4753.16015625,4760.740234375,4760.740234375,715
2022-12-19 12:30:00-05:00,4762.7900390625,4762.7900390625,4748.259765625,4760.22998046875,4760.22998046875,358
2022-12-19 13:00:00-05:00,4753.56005859375,4753.56005859375,4746.89990234375,4747.2001953125,4747.2001953125,357
2022-12-19 13:30:00-05:00,4725.009765625,4725.009765625,4693.759765625,4700.0,4700.0,722
2022-12-19 14:00:00-05:00,4700.009765625,4718.4501953125,4700.0,4702.2001953125,4702.2001953125,1082
2022-12-19 14:30:00-05:00,4705.0,4716.77001953125,4674.1201171875,4675.06005859375,4675.06005859375,1122
2022-12-19 15:00:00-05:00,4676.22021484375,4680.06982421875,4666.06982421875,4666.06982421875,4666.06982421875,516
2022-12-19 15:30:00-05:00,4675.0,4687.08984375,4663.35986328125,4686.91015625,4686.91015625,2798
2022-12-20 09:30:00-05:00,4643.35009765625,4679.89990234375,4600.0,4617.08984375,4617.08984375,1673
2022-12-20 10:00:00-05:00,4626.0,4668.990234375,4624.85986328125,4654.0,4654.0,844
2022-12-20 10:30:00-05:00,4669.3798828125,4700.0,4669.3798828125,4680.419921875,4680.419921875,384
2022-12-20 11:00:00-05:00,4685.5634765625,4685.5634765625,4647.82373046875,4651.0,4651.0,412
2022-12-20 11:30:00-05:00,4641.0498046875,4645.60986328125,4618.6884765625,4636.2001953125,4636.2001953125,890
2022-12-20 12:00:00-05:00,4636.41015625,4636.41015625,4636.41015625,4636.41015625,4636.41015625,43
2022-12-20 12:30:00-05:00,4631.15869140625,4659.02734375,4618.77978515625,4636.2998046875,4636.2998046875,892
2022-12-20 13:00:00-05:00,4634.06005859375,4646.2001953125,4634.0400390625,4645.06005859375,4645.06005859375,305
2022-12-20 13:30:00-05:00,4640.0,4648.080078125,4640.0,4641.75,4641.75,332
2022-12-20 14:00:00-05:00,4638.0,4643.8701171875,4628.4599609375,4630.0,4630.0,622
2022-12-20 14:30:00-05:00,4629.0,4629.0,4599.75,4599.75,4599.75,1323
2022-12-20 15:00:00-05:00,4610.0400390625,4622.8349609375,4601.5849609375,4612.27001953125,4612.27001953125,988
2022-12-20 15:30:00-05:00,4615.14990234375,4642.83984375,4614.330078125,4637.39013671875,4637.39013671875,3462
2022-12-21 09:30:00-05:00,4711.10986328125,4711.10986328125,4711.10986328125,4711.10986328125,4711.10986328125,308
2022-12-21 10:00:00-05:00,4698.587890625,4705.0,4686.4951171875,4692.18505859375,4692.18505859375,658
2022-12-21 10:30:00-05:00,4700.14990234375,4708.9599609375,4695.41015625,4708.9599609375,4708.9599609375,249
2022-12-21 11:00:00-05:00,4710.22021484375,4724.990234375,4695.080078125,4714.97998046875,4714.97998046875,513
2022-12-21 11:30:00-05:00,4700.0,4708.47021484375,4692.75,4697.4599609375,4697.4599609375,676
2022-12-21 12:00:00-05:00,4699.02001953125,4712.1298828125,4691.47021484375,4691.47021484375,4691.47021484375,548
2022-12-21 12:30:00-05:00,4700.0,4703.31982421875,4693.14013671875,4693.14013671875,4693.14013671875,234
2022-12-21 13:00:00-05:00,4707.1201171875,4719.990234375,4698.97021484375,4698.97021484375,4698.97021484375,269
2022-12-21 13:30:00-05:00,4698.990234375,4714.80224609375,4690.7998046875,4701.1201171875,4701.1201171875,511
2022-12-21 14:00:00-05:00,4702.25,4704.0498046875,4696.64990234375,4704.0498046875,4704.0498046875,435
2022-12-21 14:30:00-05:00,4698.02001953125,4708.83984375,4690.77978515625,4701.990234375,4701.990234375,499
2022-12-21 15:00:00-05:00,4697.0,4702.97998046875,4684.31005859375,4685.0,4685.0,1205
2022-12-21 15:30:00-05:00,4685.0,4706.8798828125,4685.0,4706.43994140625,4706.43994140625,2063
2022-12-22 09:30:00-05:00,4670.0,4670.0,4623.52978515625,4663.509765625,4663.509765625,528
2022-12-22 10:00:00-05:00,4680.0,4680.0,4638.0,4666.0,4666.0,350
2022-12-22 10:30:00-05:00,4633.2099609375,4660.60009765625,4630.39013671875,4660.60009765625,4660.60009765625,322
2022-12-22 11:00:00-05:00,4653.39990234375,4656.43017578125,4649.35498046875,4649.35498046875,4649.35498046875,198
2022-12-22 11:30:00-05:00,4651.6201171875,4657.4501953125,4649.6201171875,4657.4501953125,4657.4501953125,199
2022-12-22 12:00:00-05:00,4647.0,4647.0,4635.0,4640.02001953125,4640.02001953125,257
2022-12-22 12:30:00-05:00,4606.9599609375,4610.18017578125,4601.85986328125,4603.16015625,4603.16015625,274
2022-12-22 13:00:00-05:00,4610.3798828125,4610.3798828125,4595.7001953125,4595.7001953125,4595.7001953125,423
2022-12-22 13:30:00-05:00,4609.2099609375,4610.080078125,4609.2099609375,4610.080078125,4610.080078125,197
2022-12-22 14:00:00-05:00,4637.56005859375,4639.27978515625,4634.7998046875,4639.27978515625,4639.27978515625,314
2022-12-22 14:30:00-05:00,4649.0,4650.0,4640.0,4650.0,4650.0,662
2022-12-22 15:00:00-05:00,4650.0,4661.60986328125,4642.47998046875,4650.009765625,4650.009765625,2232
2022-12-22 15:30:00-05:00,4654.625,4674.97998046875,4644.33984375,4674.97998046875,4674.97998046875,1519
2022-12-23 09:30:00-05:00,4684.52978515625,4684.52978515625,4684.52978515625,4684.52978515625,4684.52978515625,214
2022-12-23 10:00:00-05:00,4617.4599609375,4670.0,4617.4599609375,4670.0,4670.0,243
2022-12-23 10:30:00-05:00,4675.009765625,4683.990234375,4650.10986328125,4650.10986328125,4650.10986328125,524
2022-12-23 11:00:00-05:00,4662.0,4662.0,4660.0,4660.0,4660.0,208
2022-12-23 11:30:00-05:00,4665.0,4665.0,4649.93994140625,4649.93994140625,4649.93994140625,119
2022-12-23 12:00:00-05:00,4675.0,4681.31005859375,4660.43017578125,4673.8798828125,4673.8798828125,905
2022-12-23 12:30:00-05:00,4679.4501953125,4680.0,4671.22998046875,4671.22998046875,4671.22998046875,275
2022-12-23 13:00:00-05:00,4685.0,4690.0,4677.0,4689.0400390625,4689.0400390625,378
2022-12-23 13:30:00-05:00,4687.89990234375,4695.0,4666.72021484375,4675.68505859375,4675.68505859375,996
2022-12-23 14:00:00-05:00,4669.990234375,4669.990234375,4649.490234375,4649.490234375,4649.490234375,388
2022-12-23 14:30:00-05:00,4655.52978515625,4656.16845703125,4647.0,4654.6201171875,4654.6201171875,694
2022-12-23 15:00:00-05:00,4660.4599609375,4670.5048828125,4655.033203125,4658.22021484375,4658.22021484375,1076
2022-12-23 15:30:00-05:00,4663.0,4663.56982421875,4639.6650390625,4644.69482421875,4644.69482421875,2608
2022-12-27 09:30:00-05:00,4627.0,4649.990234375,4609.35009765625,4647.41015625,4647.41015625,220
2022-12-27 10:00:00-05:00,4622.240234375,4661.77001953125,4622.240234375,4661.77001953125,4661.77001953125,659
2022-12-27 10:30:00-05:00,4660.0,4673.9501953125,4657.16015625,4657.16015625,4657.16015625,432
2022-12-27 11:00:00-05:00,4660.25,4666.0,4649.0,4663.0400390625,4663.0400390625,518
2022-12-27 11:30:00-05:00,4663.10986328125,4676.72021484375,4663.10986328125,4670.0,4670.0,417
2022-12-27 12:00:00-05:00,4683.44482421875,4683.44482421875,4669.0,4669.0,4669.0,177
2022-12-27 12:30:00-05:00,4662.89990234375,4673.0,4656.740234375,4665.52001953125,4665.52001953125,340
2022-12-27 13:00:00-05:00,4670.14990234375,4680.72021484375,4662.02001953125,4662.02001953125,4662.02001953125,271
2022-12-27 13:30:00-05:00,4667.0,4668.7548828125,4650.1298828125,4659.83984375,4659.83984375,481
2022-12-27 14:00:00-05:00,4655.0,4661.25,4655.0,4661.25,4661.25,211
2022-12-27 14:30:00-05:00,4658.08984375,4667.0048828125,4657.0,4666.39990234375,4666.39990234375,318
2022-12-27 15:00:00-05:00,4673.91015625,4674.990234375,4668.0,4673.4599609375,4673.4599609375,274
2022-12-27 15:30:00-05:00,4673.4599609375,4682.0,4651.35986328125,4651.35986328125,4651.35986328125,1395
2022-12-28 09:30:00-05:00,4669.97998046875,4719.5,4669.97998046875,4695.97998046875,4695.97998046875,245
2022-12-28 10:00:00-05:00,4655.0,4662.0,4630.0,4630.0,4630.0,488
2022-12-28 10:30:00-05:00,4640.2099609375,4640.2099609375,4621.15478515625,4623.02978515625,4623.02978515625,308
2022-12-28 11:00:00-05:00,4618.2001953125,4622.875,4604.509765625,4610.4951171875,4610.4951171875,536
2022-12-28 11:30:00-05:00,4611.0,4633.93994140625,4595.66015625,4620.2099609375,4620.2099609375,835
2022-12-28 12:00:00-05:00,4606.96728515625,4610.22021484375,4574.56005859375,4574.56005859375,4574.56005859375,250
2022-12-28 12:30:00-05:00,4601.89501953125,4604.0400390625,4580.009765625,4602.0,4602.0,694
2022-12-28 13:00:00-05:00,4605.97021484375,4620.0,4605.97021484375,4612.0,4612.0,265
2022-12-28 13:30:00-05:00,4616.47998046875,4616.47998046875,4591.85009765625,4591.85009765625,4591.85009765625,375
2022-12-28 14:00:00-05:00,4597.0,4599.52978515625,4591.0,4596.0,4596.0,265
2022-12-28 14:30:00-05:00,4592.169921875,4600.5498046875,4580.92333984375,4587.0,4587.0,515
2022-12-28 15:00:00-05:00,4580.0,4580.0,4564.15478515625,4574.85986328125,4574.85986328125,424
2022-12-28 15:30:00-05:00,4575.0,4575.22998046875,4558.10986328125,4560.8798828125,4560.8798828125,1486
2022-12-29 09:30:00-05:00,4578.0,4625.0,4570.009765625,4616.20751953125,4616.20751953125,396
2022-12-29 10:00:00-05:00,4616.0,4649.66015625,4616.0,4640.0,4640.0,239
2022-12-29 10:30:00-05:00,4640.0,4648.580078125,4640.0,4640.02001953125,4640.02001953125,269
2022-12-29 11:00:00-05:00,4627.77001953125,4640.0,4620.2080078125,4620.2080078125,4620.2080078125,272
2022-12-29 11:30:00-05:00,4630.27978515625,4645.0,4624.66015625,4637.85986328125,4637.85986328125,311
2022-12-29 12:00:00-05:00,4657.205078125,4657.205078125,4649.0,4650.0,4650.0,98
2022-12-29 12:30:00-05:00,4645.990234375,4658.990234375,4645.990234375,4655.919921875,4655.919921875,210
2022-12-29 13:00:00-05:00,4662.9501953125,4662.9501953125,4660.0,4660.0,4660.0,232
2022-12-29 13:30:00-05:00,4653.990234375,4664.02978515625,4649.990234375,4664.02978515625,4664.02978515625,152
2022-12-29 14:00:00-05:00,4665.9599609375,4665.9599609375,4656.31005859375,4663.22998046875,4663.22998046875,260
2022-12-29 14:30:00-05:00,4665.990234375,4670.0,4659.0,4659.0,4659.0,327
2022-12-29 15:00:00-05:00,4656.6201171875,4656.6201171875,4641.990234375,4641.990234375,4641.990234375,267
2022-12-29 15:30:00-05:00,4645.97998046875,4674.97998046875,4641.81982421875,4655.580078125,4655.580078125,1450
2022-12-30 09:30:00-05:00,4594.009765625,4594.009765625,4594.009765625,4594.009765625,4594.009765625,280
2022-12-30 10:00:00-05:00,4635.5048828125,4635.52978515625,4622.22021484375,4622.97021484375,4622.97021484375,276
2022-12-30 10:30:00-05:00,4614.81005859375,4614.81005859375,4614.81005859375,4614.81005859375,4614.81005859375,124
2022-12-30 11:00:00-05:00,4605.0,4625.64990234375,4605.0,4607.31982421875,4607.31982421875,168
2022-12-30 11:30:00-05:00,4599.080078125,4599.080078125,4599.080078125,4599.080078125,4599.080078125,204
2022-12-30 12:00:00-05:00,4622.97021484375,4641.482421875,4622.97021484375,4641.482421875,4641.482421875,575
2022-12-30 12:30:00-05:00,4644.60009765625,4644.60009765625,4610.9130859375,4630.419921875,4630.419921875,556
2022-12-30 13:00:00-05:00,4607.0,4611.18017578125,4589.740234375,4589.740234375,4589.740234375,213
2022-12-30 13:30:00-05:00,4608.67626953125,4608.67626953125,4594.0,4594.0,4594.0,276
2022-12-30 14:00:00-05:00,4599.89990234375,4600.02001953125,4588.39990234375,4588.39990234375,4588.39990234375,392
2022-12-30 14:30:00-05:00,4594.0,4594.77978515625,4581.419921875,4589.6298828125,4589.6298828125,331
2022-12-30 15:00:00-05:00,4585.18017578125,4606.06005859375,4585.18017578125,4598.18994140625,4598.18994140625,309
2022-12-30 15:30:00-05:00,4607.759765625,4623.7099609375,4603.02978515625,4619.080078125,4619.080078125,918
2023-01-03 09:30:00-05:00,4647.43994140625,4690.0,4572.97509765625,4578.60009765625,4578.60009765625,2718
2023-01-03 10:00:00-05:00,4585.2099609375,4609.97998046875,4574.7099609375,4605.0,4605.0,698
2023-01-03 10:30:00-05:00,4588.080078125,4610.9658203125,4588.080078125,4604.0,4604.0,1772
2023-01-03 11:00:00-05:00,4601.0,4605.009765625,4546.93994140625,4560.0,4560.0,4515
2023-01-03 11:30:00-05:00,4552.0,4565.0,4520.0,4520.25,4520.25,3839
2023-01-03 12:00:00-05:00,4519.0498046875,4568.0,4519.0498046875,4568.0,4568.0,850
2023-01-03 12:30:00-05:00,4575.0048828125,4581.39013671875,4564.990234375,4581.01953125,4581.01953125,474
2023-01-03 13:00:00-05:00,4582.01513671875,4612.14013671875,4582.01513671875,4609.0,4609.0,423
2023-01-03 13:30:00-05:00,4606.97998046875,4608.990234375,4596.990234375,4605.02978515625,4605.02978515625,387
2023-01-03 14:00:00-05:00,4599.52978515625,4599.52978515625,4581.2900390625,4581.2900390625,4581.2900390625,220
2023-01-03 14:30:00-05:00,4580.0,4593.50244140625,4571.56005859375,4584.18994140625,4584.18994140625,824
2023-01-03 15:00:00-05:00,4594.1298828125,4599.43994140625,4577.990234375,4588.0,4588.0,849
2023-01-03 15:30:00-05:00,4588.66015625,4597.81982421875,4570.0,4579.990234375,4579.990234375,2939
2023-01-04 09:30:00-05:00,4635.740234375,4670.0,4610.0,4664.43994140625,4664.43994140625,920
2023-01-04 10:00:00-05:00,4642.35009765625,4644.990234375,4621.5,4621.5,4621.5,796
2023-01-04 10:30:00-05:00,4666.9501953125,4666.9501953125,4646.9501953125,4658.97998046875,4658.97998046875,363
2023-01-04 11:00:00-05:00,4671.9501953125,4677.97021484375,4664.9501953125,4665.09765625,4665.09765625,552
2023-01-04 11:30:00-05:00,4669.16015625,4689.6201171875,4667.0,4685.7900390625,4685.7900390625,669
2023-01-04 12:00:00-05:00,4681.0,4684.8701171875,4664.21533203125,4665.96435546875,4665.96435546875,476
2023-01-04 12:30:00-05:00,4668.08984375,4669.509765625,4659.77001953125,4659.77001953125,4659.77001953125,521
2023-01-04 13:00:00-05:00,4656.43994140625,4664.31005859375,4651.0,4660.2998046875,4660.2998046875,309
2023-01-04 13:30:00-05:00,4668.72998046875,4674.71484375,4655.16015625,4664.14990234375,4664.14990234375,980
2023-01-04 14:00:00-05:00,4658.0,4682.490234375,4656.0,4665.59521484375,4665.59521484375,2107
2023-01-04 14:30:00-05:00,4651.0,4659.169921875,4646.83984375,4659.169921875,4659.169921875,591
2023-01-04 15:00:00-05:00,4660.0,4666.0,4659.60009765625,4661.81005859375,4661.81005859375,382
2023-01-04 15:30:00-05:00,4656.06982421875,4673.43017578125,4633.02001953125,4672.14990234375,4672.14990234375,2511
2023-01-05 09:30:00-05:00,4605.919921875,4619.2548828125,4590.0,4618.259765625,4618.259765625,810
2023-01-05 10:00:00-05:00,4632.4150390625,4655.93505859375,4625.0,4648.83984375,4648.83984375,835
2023-01-05 10:30:00-05:00,4654.31982421875,4660.009765625,4653.06005859375,4656.080078125,4656.080078125,366
2023-01-05 11:00:00-05:00,4653.02978515625,4664.60009765625,4642.572265625,4642.572265625,4642.572265625,1119
2023-01-05 11:30:00-05:00,4648.34521484375,4659.89990234375,4647.85009765625,4651.83984375,4651.83984375,452
2023-01-05 12:00:00-05:00,4659.83984375,4667.60009765625,4654.990234375,4664.794921875,4664.794921875,515
2023-01-05 12:30:00-05:00,4670.0,4670.0,4654.71484375,4654.71484375,4654.71484375,563
2023-01-05 13:00:00-05:00,4644.64013671875,4670.0,4644.64013671875,4667.7998046875,4667.7998046875,1218
2023-01-05 13:30:00-05:00,4669.5,4670.0,4661.0,4665.419921875,4665.419921875,859
2023-01-05 14:00:00-05:00,4664.52978515625,4670.0,4661.009765625,4661.009765625,4661.009765625,1581
2023-01-05 14:30:00-05:00,4659.0,4670.0,4657.2001953125,4657.2001953125,4657.2001953125,1636
2023-01-05 15:00:00-05:00,4650.02978515625,4650.02978515625,4637.0,4639.7998046875,4639.7998046875,496
2023-01-05 15:30:00-05:00,4642.81005859375,4651.33984375,4627.0,4644.10009765625,4644.10009765625,2206
2023-01-06 09:30:00-05:00,4668.27978515625,4697.7001953125,4668.27978515625,4673.0,4673.0,672
2023-01-06 10:00:00-05:00,4680.0,4735.0,4675.669921875,4717.58984375,4717.58984375,4288
2023-01-06 10:30:00-05:00,4724.97998046875,4749.0,4724.97998046875,4742.58984375,4742.58984375,532
2023-01-06 11:00:00-05:00,4780.27001953125,4787.39013671875,4758.490234375,4787.39013671875,4787.39013671875,1085
2023-01-06 11:30:00-05:00,4790.0,4819.0400390625,4790.0,4807.68017578125,4807.68017578125,1058
2023-01-06 12:00:00-05:00,4804.02001953125,4808.990234375,4781.552734375,4801.740234375,4801.740234375,471
2023-01-06 12:30:00-05:00,4800.0,4800.0,4781.25,4789.75,4789.75,467
2023-01-06 13:00:00-05:00,4790.0,4793.25,4780.41015625,4780.41015625,4780.41015625,324
2023-01-06 13:30:00-05:00,4786.990234375,4799.75,4784.0,4789.740234375,4789.740234375,343
2023-01-06 14:00:00-05:00,4789.97021484375,4789.97021484375,4774.43017578125,4777.16015625,4777.16015625,520
2023-01-06 14:30:00-05:00,4778.14013671875,4796.875,4775.02001953125,4794.0,4794.0,1504
2023-01-06 15:00:00-05:00,4798.75,4821.27001953125,4790.2548828125,4800.22021484375,4800.22021484375,2240
2023-01-06 15:30:00-05:00,4800.16015625,4816.8701171875,4794.3349609375,4796.81982421875,4796.81982421875,2279
2023-01-09 09:30:00-05:00,4817.4599609375,4823.580078125,4790.0,4795.955078125,4795.955078125,276
2023-01-09 10:00:00-05:00,4795.0,4827.9501953125,4795.0,4826.5400390625,4826.5400390625,596
2023-01-09 10:30:00-05:00,4820.5400390625,4820.5400390625,4785.0,4800.0,4800.0,1098
2023-01-09 11:00:00-05:00,4802.0,4815.705078125,4792.0,4815.705078125,4815.705078125,289
2023-01-09 11:30:00-05:00,4815.705078125,4828.27001953125,4792.4599609375,4814.0,4814.0,1166
2023-01-09 12:00:00-05:00,4820.0,4821.97021484375,4808.91015625,4808.91015625,4808.91015625,363
2023-01-09 12:30:00-05:00,4813.98583984375,4813.98583984375,4800.0,4805.0,4805.0,271
2023-01-09 13:00:00-05:00,4808.89990234375,4820.0,4791.31982421875,4812.5048828125,4812.5048828125,1180
2023-01-09 13:30:00-05:00,4802.2001953125,4802.93994140625,4785.0,4802.0,4802.0,470
2023-01-09 14:00:00-05:00,4801.16015625,4810.0,4789.0,4810.0,4810.0,467
2023-01-09 14:30:00-05:00,4795.009765625,4795.009765625,4770.0,4770.0,4770.0,754
2023-01-09 15:00:00-05:00,4759.080078125,4784.0,4759.080078125,4769.0,4769.0,441
2023-01-09 15:30:00-05:00,4766.990234375,4775.919921875,4758.0,4772.5,4772.5,2129
2023-01-10 09:30:00-05:00,4717.4599609375,4809.08984375,4717.4599609375,4743.634765625,4743.634765625,1619
2023-01-10 10:00:00-05:00,4768.78759765625,4776.10986328125,4768.0,4775.0,4775.0,469
2023-01-10 10:30:00-05:00,4767.81005859375,4767.81005859375,4742.08984375,4767.0322265625,4767.0322265625,896
2023-01-10 11:00:00-05:00,4763.0,4764.9091796875,4759.0,4760.3701171875,4760.3701171875,448
2023-01-10 11:30:00-05:00,4753.0,4767.97998046875,4750.4599609375,4765.43994140625,4765.43994140625,1293
2023-01-10 12:00:00-05:00,4760.89990234375,4768.33984375,4757.91015625,4763.15478515625,4763.15478515625,978
2023-01-10 12:30:00-05:00,4766.75,4787.0,4766.75,4780.6201171875,4780.6201171875,642
2023-01-10 13:00:00-05:00,4778.0,4791.759765625,4777.0,4784.47021484375,4784.47021484375,773
2023-01-10 13:30:00-05:00,4792.3798828125,4808.0,4792.3798828125,4808.0,4808.0,504
2023-01-10 14:00:00-05:00,4811.6298828125,4820.02001953125,4807.759765625,4820.02001953125,4820.02001953125,510
2023-01-10 14:30:00-05:00,4818.669921875,4831.91015625,4815.72509765625,4815.72509765625,4815.72509765625,915
2023-01-10 15:00:00-05:00,4817.33984375,4820.91015625,4800.31005859375,4808.77001953125,4808.77001953125,787
2023-01-10 15:30:00-05:00,4808.64013671875,4849.96484375,4808.47021484375,4827.72998046875,4827.72998046875,3034
2023-01-11 09:30:00-05:00,4850.0,4885.2001953125,4794.31982421875,4885.2001953125,4885.2001953125,3337
2023-01-11 10:00:00-05:00,4863.64990234375,4883.990234375,4859.89013671875,4874.494140625,4874.494140625,1324
2023-01-11 10:30:00-05:00,4871.35986328125,4880.06005859375,4857.10009765625,4870.0,4870.0,912
2023-01-11 11:00:00-05:00,4855.08251953125,4881.0,4855.08251953125,4881.0,4881.0,762
2023-01-11 11:30:00-05:00,4883.1201171875,4898.1953125,4882.66015625,4897.259765625,4897.259765625,1997
2023-01-11 12:00:00-05:00,4897.0,4914.0400390625,4894.98486328125,4906.8701171875,4906.8701171875,1285
2023-01-11 12:30:00-05:00,4912.5048828125,4928.85986328125,4905.8828125,4920.22021484375,4920.22021484375,834
2023-01-11 13:00:00-05:00,4925.009765625,4929.759765625,4902.8701171875,4924.0,4924.0,620
2023-01-11 13:30:00-05:00,4924.0,4934.990234375,4915.7275390625,4918.94287109375,4918.94287109375,738
2023-01-11 14:00:00-05:00,4916.0,4923.0,4905.0,4906.75,4906.75,750
2023-01-11 14:30:00-05:00,4907.77001953125,4908.41015625,4899.080078125,4908.2900390625,4908.2900390625,492
2023-01-11 15:00:00-05:00,4895.0,4907.64990234375,4885.0,4901.01220703125,4901.01220703125,1196
2023-01-11 15:30:00-05:00,4892.77001953125,4917.46484375,4885.33984375,4915.1298828125,4915.1298828125,3572
2023-01-12 09:30:00-05:00,4960.0,4960.0,4832.33984375,4884.2001953125,4884.2001953125,2032
2023-01-12 10:00:00-05:00,4903.0,4903.0,4890.91015625,4890.91015625,4890.91015625,217
2023-01-12 10:30:00-05:00,4911.0,4939.64013671875,4903.55517578125,4909.9599609375,4909.9599609375,751
2023-01-12 11:00:00-05:00,4924.06005859375,4934.52978515625,4920.31982421875,4934.52978515625,4934.52978515625,349
2023-01-12 11:30:00-05:00,4926.5,4938.56982421875,4921.990234375,4932.3798828125,4932.3798828125,484
2023-01-12 12:00:00-05:00,4937.0,4953.490234375,4937.0,4937.18994140625,4937.18994140625,725
2023-01-12 12:30:00-05:00,4936.02490234375,4950.0,4936.02490234375,4946.169921875,4946.169921875,452
2023-01-12 13:00:00-05:00,4939.33984375,4952.83984375,4927.97998046875,4932.6201171875,4932.6201171875,714
2023-01-12 13:30:00-05:00,4921.0,4957.27978515625,4920.0,4957.27978515625,4957.27978515625,527
2023-01-12 14:00:00-05:00,4948.7998046875,4973.43017578125,4937.02001953125,4958.009765625,4958.009765625,663
2023-01-12 14:30:00-05:00,4966.31494140625,4966.31494140625,4930.14990234375,4930.14990234375,4930.14990234375,1019
2023-01-12 15:00:00-05:00,4936.14013671875,4940.794921875,4932.919921875,4940.794921875,4940.794921875,241
2023-01-12 15:30:00-05:00,4941.2001953125,4948.5,4927.0,4933.75,4933.75,1907
2023-01-13 09:30:00-05:00,4873.14013671875,4946.7998046875,4873.14013671875,4946.7998046875,4946.7998046875,491
2023-01-13 10:00:00-05:00,4963.85986328125,4993.75,4955.04833984375,4993.75,4993.75,957
2023-01-13 10:30:00-05:00,4991.10546875,4994.0,4972.89111328125,4994.0,4994.0,448
2023-01-13 11:00:00-05:00,4992.5,5000.0,4983.72998046875,4990.0,4990.0,454
2023-01-13 11:30:00-05:00,4994.06005859375,4994.06005859375,4986.2099609375,4990.009765625,4990.009765625,410
2023-01-13 12:00:00-05:00,4990.0,4990.0,4984.0,4985.0,4985.0,186
2023-01-13 12:30:00-05:00,4981.0,4995.0,4981.0,4993.22021484375,4993.22021484375,295
2023-01-13 13:00:00-05:00,4995.0,4999.7900390625,4995.0,4999.7900390625,4999.7900390625,646
2023-01-13 13:30:00-05:00,5000.0,5000.6201171875,4989.02001953125,5000.60986328125,5000.60986328125,425
2023-01-13 14:00:00-05:00,5000.0,5011.0,4999.1201171875,5010.990234375,5010.990234375,1125
2023-01-13 14:30:00-05:00,5003.830078125,5009.89990234375,4995.0,5009.89990234375,5009.89990234375,696
2023-01-13 15:00:00-05:00,5000.0,5011.0,4990.31494140625,4994.419921875,4994.419921875,1094
2023-01-13 15:30:00-05:00,5005.0,5047.7900390625,4994.64013671875,4999.5,4999.5,4187
2023-01-17 09:30:00-05:00,4992.240234375,5032.52001953125,4992.240234375,5024.91015625,5024.91015625,968
2023-01-17 10:00:00-05:00,5032.7900390625,5058.259765625,5032.7900390625,5044.06005859375,5044.06005859375,855
2023-01-17 10:30:00-05:00,5036.93017578125,5043.77001953125,5022.384765625,5043.77001953125,5043.77001953125,408
2023-01-17 11:00:00-05:00,5048.98486328125,5048.98486328125,5022.89990234375,5036.0,5036.0,367
2023-01-17 11:30:00-05:00,5035.0,5046.10986328125,5030.0,5045.0,5045.0,836
2023-01-17 12:00:00-05:00,5048.419921875,5050.35009765625,5032.1298828125,5032.1298828125,5032.1298828125,774
2023-01-17 12:30:00-05:00,5032.0498046875,5035.33984375,5023.2998046875,5035.33984375,5035.33984375,651
2023-01-17 13:00:00-05:00,5029.41015625,5036.5498046875,5027.06005859375,5036.5498046875,5036.5498046875,706
2023-01-17 13:30:00-05:00,5032.4599609375,5032.4599609375,5022.89990234375,5032.23486328125,5032.23486328125,415
2023-01-17 14:00:00-05:00,5020.009765625,5024.455078125,4990.98486328125,4997.0,4997.0,1218
2023-01-17 14:30:00-05:00,4994.10009765625,4998.18017578125,4990.0,4992.9150390625,4992.9150390625,1019
2023-01-17 15:00:00-05:00,4994.0400390625,4997.97998046875,4970.615234375,4984.93017578125,4984.93017578125,1204
2023-01-17 15:30:00-05:00,4986.06982421875,4996.52490234375,4977.22998046875,4983.2001953125,4983.2001953125,2951
2023-01-18 09:30:00-05:00,5038.7998046875,5099.0,5038.42578125,5070.0,5070.0,619
2023-01-18 10:00:00-05:00,5079.830078125,5106.47021484375,5079.830078125,5106.47021484375,5106.47021484375,833
2023-01-18 10:30:00-05:00,5105.97021484375,5105.97021484375,5062.0,5063.0,5063.0,671
2023-01-18 11:00:00-05:00,5079.990234375,5079.990234375,5045.0048828125,5049.0,5049.0,711
2023-01-18 11:30:00-05:00,5049.009765625,5050.0,5026.2001953125,5039.06005859375,5039.06005859375,523
2023-01-18 12:00:00-05:00,5043.0,5045.27978515625,5023.080078125,5023.953125,5023.953125,349
2023-01-18 12:30:00-05:00,5029.2900390625,5034.5048828125,5014.0,5025.0,5025.0,338
2023-01-18 13:00:00-05:00,5027.2900390625,5027.2900390625,4979.64013671875,5023.22998046875,5023.22998046875,918
2023-01-18 13:30:00-05:00,5028.35986328125,5028.35986328125,5011.0,5020.10009765625,5020.10009765625,449
2023-01-18 14:00:00-05:00,5015.0,5019.76123046875,4974.5498046875,4976.1201171875,4976.1201171875,1188
2023-01-18 14:30:00-05:00,4994.0498046875,5003.77978515625,4989.0,4989.5400390625,4989.5400390625,452
2023-01-18 15:00:00-05:00,4988.0,5010.259765625,4980.06005859375,4993.77978515625,4993.77978515625,701
2023-01-18 15:30:00-05:00,4995.0,5011.97998046875,4984.97021484375,5000.0,5000.0,2724
2023-01-19 09:30:00-05:00,4981.0,5006.93994140625,4965.72998046875,4985.830078125,4985.830078125,507
2023-01-19 10:00:00-05:00,5014.990234375,5014.990234375,4949.97021484375,4962.169921875,4962.169921875,630
2023-01-19 10:30:00-05:00,4961.5576171875,4968.93017578125,4936.1201171875,4939.97998046875,4939.97998046875,837
2023-01-19 11:00:00-05:00,4936.14501953125,4959.990234375,4936.14501953125,4954.85009765625,4954.85009765625,681
2023-01-19 11:30:00-05:00,4940.009765625,4955.80517578125,4929.06982421875,4947.0,4947.0,798
2023-01-19 12:00:00-05:00,4941.31982421875,4953.7900390625,4933.4345703125,4938.044921875,4938.044921875,1119
2023-01-19 12:30:00-05:00,4932.115234375,4938.8798828125,4923.22998046875,4937.009765625,4937.009765625,589
2023-01-19 13:00:00-05:00,4942.3798828125,4949.97998046875,4938.2099609375,4946.94482421875,4946.94482421875,652
2023-01-19 13:30:00-05:00,4951.52001953125,4965.97998046875,4941.7001953125,4944.83984375,4944.83984375,622
2023-01-19 14:00:00-05:00,4953.18994140625,4953.18994140625,4940.47021484375,4943.134765625,4943.134765625,414
2023-01-19 14:30:00-05:00,4950.3701171875,4967.0,4945.9599609375,4949.7099609375,4949.7099609375,548
2023-01-19 15:00:00-05:00,4950.18505859375,4956.740234375,4945.8798828125,4945.97021484375,4945.97021484375,640
2023-01-19 15:30:00-05:00,4951.08984375,4963.81982421875,4922.93994140625,4925.72998046875,4925.72998046875,4355
2023-01-20 09:30:00-05:00,4960.0,4960.0,4900.990234375,4949.73486328125,4949.73486328125,2032
2023-01-20 10:00:00-05:00,4945.990234375,4977.759765625,4933.2998046875,4943.0,4943.0,753
2023-01-20 10:30:00-05:00,4925.56005859375,4945.2001953125,4925.56005859375,4943.77978515625,4943.77978515625,438
2023-01-20 11:00:00-05:00,4936.9599609375,4965.2900390625,4936.740234375,4946.990234375,4946.990234375,993
2023-01-20 11:30:00-05:00,4940.14013671875,4953.72021484375,4936.080078125,4950.0,4950.0,504
2023-01-20 12:00:00-05:00,4950.0,4959.27978515625,4948.4248046875,4948.4248046875,4948.4248046875,291
2023-01-20 12:30:00-05:00,4945.60986328125,4961.197265625,4945.60986328125,4956.0,4956.0,308
2023-01-20 13:00:00-05:00,4958.0,4958.0,4949.18017578125,4951.83984375,4951.83984375,364
2023-01-20 13:30:00-05:00,4951.55517578125,4976.9375,4951.55517578125,4976.9375,4976.9375,363
2023-01-20 14:00:00-05:00,4978.0,4982.66796875,4960.56005859375,4970.0,4970.0,763
2023-01-20 14:30:00-05:00,4973.91015625,4979.205078125,4960.47998046875,4976.169921875,4976.169921875,1049
2023-01-20 15:00:00-05:00,4981.18994140625,4999.18017578125,4981.18994140625,4988.0,4988.0,555
2023-01-20 15:30:00-05:00,4989.080078125,5037.0,4983.81982421875,5029.0,5029.0,4050
2023-01-23 09:30:00-05:00,5028.0,5059.47021484375,5018.0,5020.64013671875,5020.64013671875,619
2023-01-23 10:00:00-05:00,5050.0,5065.044921875,5050.0,5059.85986328125,5059.85986328125,409
2023-01-23 10:30:00-05:00,5050.0,5067.0,5040.0,5043.0,5043.0,609
2023-01-23 11:00:00-05:00,5038.0,5057.64501953125,5031.625,5038.0,5038.0,433
2023-01-23 11:30:00-05:00,5045.85986328125,5068.2998046875,5044.0,5068.2998046875,5068.2998046875,1043
2023-01-23 12:00:00-05:00,5070.0,5081.68994140625,5056.39990234375,5081.68994140625,5081.68994140625,610
2023-01-23 12:30:00-05:00,5071.89990234375,5080.4150390625,5062.14013671875,5066.18994140625,5066.18994140625,1174
2023-01-23 13:00:00-05:00,5065.02978515625,5065.02978515625,5039.0,5044.0,5044.0,940
2023-01-23 13:30:00-05:00,5040.6298828125,5054.97509765625,5036.43994140625,5042.490234375,5042.490234375,1283
2023-01-23 14:00:00-05:00,5042.0,5042.0,4995.93017578125,5007.43017578125,5007.43017578125,1319
2023-01-23 14:30:00-05:00,5010.3798828125,5016.0,4996.0,5003.39990234375,5003.39990234375,982
2023-01-23 15:00:00-05:00,5002.0,5024.7998046875,4996.1298828125,5005.544921875,5005.544921875,1123
2023-01-23 15:30:00-05:00,5007.0751953125,5029.08984375,5005.759765625,5022.81005859375,5022.81005859375,2473
2023-01-24 09:30:00-05:00,5033.0,5033.0,4953.16552734375,4999.18017578125,4999.18017578125,1200
2023-01-24 10:00:00-05:00,4965.0,5045.16015625,4965.0,5025.0,5025.0,942
2023-01-24 10:30:00-05:00,5030.5,5057.85986328125,5023.72021484375,5057.85986328125,5057.85986328125,529
2023-01-24 11:00:00-05:00,5040.0048828125,5059.5,5025.0,5053.75,5053.75,552
2023-01-24 11:30:00-05:00,5050.0,5058.47998046875,5028.59521484375,5028.59521484375,5028.59521484375,978
2023-01-24 12:00:00-05:00,5037.9951171875,5057.68994140625,5010.2001953125,5047.81982421875,5047.81982421875,2975
2023-01-24 12:30:00-05:00,5036.2548828125,5045.0,5030.0,5040.10498046875,5040.10498046875,342
2023-01-24 13:00:00-05:00,5038.134765625,5059.990234375,5034.06982421875,5055.18017578125,5055.18017578125,466
2023-01-24 13:30:00-05:00,5065.169921875,5075.60986328125,5050.35986328125,5050.35986328125,5050.35986328125,400
2023-01-24 14:00:00-05:00,5025.02001953125,5053.5,5025.02001953125,5035.89990234375,5035.89990234375,349
2023-01-24 14:30:00-05:00,5037.0,5051.97998046875,5030.85986328125,5049.0,5049.0,603
2023-01-24 15:00:00-05:00,5059.97021484375,5059.97021484375,5027.009765625,5027.009765625,5027.009765625,541
2023-01-24 15:30:00-05:00,5040.89013671875,5047.68017578125,5025.0,5047.58984375,5047.58984375,1545
2023-01-25 09:30:00-05:00,4990.22021484375,5022.81982421875,4990.22021484375,5021.60009765625,5021.60009765625,356
2023-01-25 10:00:00-05:00,5028.0,5050.10009765625,5014.5,5014.5,5014.5,679
2023-01-25 10:30:00-05:00,5006.009765625,5028.56005859375,5006.0,5028.56005859375,5028.56005859375,700
2023-01-25 11:00:00-05:00,5032.0,5053.0,5031.2451171875,5050.0,5050.0,414
2023-01-25 11:30:00-05:00,5050.4501953125,5075.0,5047.0,5074.0400390625,5074.0400390625,674
2023-01-25 12:00:00-05:00,5080.14013671875,5089.0,5070.1201171875,5076.77978515625,5076.77978515625,746
2023-01-25 12:30:00-05:00,5085.39990234375,5085.39990234375,5069.43017578125,5069.47021484375,5069.47021484375,294
2023-01-25 13:00:00-05:00,5072.3798828125,5083.44482421875,5066.4599609375,5070.10009765625,5070.10009765625,1095
2023-01-25 13:30:00-05:00,5067.0498046875,5082.56982421875,5057.0,5057.06982421875,5057.06982421875,585
2023-01-25 14:00:00-05:00,5067.509765625,5075.0,5066.7998046875,5069.0,5069.0,247
2023-01-25 14:30:00-05:00,5073.2001953125,5078.490234375,5068.0,5070.0,5070.0,399
2023-01-25 15:00:00-05:00,5070.0,5074.4501953125,5061.009765625,5070.0,5070.0,931
2023-01-25 15:30:00-05:00,5070.44482421875,5079.9501953125,5055.5849609375,5065.85009765625,5065.85009765625,1295
2023-01-26 09:30:00-05:00,5100.0,5176.18994140625,5100.0,5144.9501953125,5144.9501953125,1231
2023-01-26 10:00:00-05:00,5136.2001953125,5136.2001953125,5053.47021484375,5053.47021484375,5053.47021484375,1059
2023-01-26 10:30:00-05:00,5066.0,5089.97998046875,5037.5,5050.0,5050.0,529
2023-01-26 11:00:00-05:00,5044.830078125,5066.990234375,5039.3798828125,5059.2998046875,5059.2998046875,371
2023-01-26 11:30:00-05:00,5058.6201171875,5073.85986328125,5057.7998046875,5072.0,5072.0,416
2023-01-26 12:00:00-05:00,5077.33984375,5100.0,5068.990234375,5076.0,5076.0,391
2023-01-26 12:30:00-05:00,5081.5,5090.0,5075.0,5083.27001953125,5083.27001953125,347
2023-01-26 13:00:00-05:00,5082.3349609375,5082.3349609375,5066.0,5067.5,5067.5,521
2023-01-26 13:30:00-05:00,5072.0,5088.0,5065.10009765625,5087.0,5087.0,455
2023-01-26 14:00:00-05:00,5090.0,5090.0,5084.0,5084.0,5084.0,293
2023-01-26 14:30:00-05:00,5078.0,5092.1201171875,5078.0,5080.6201171875,5080.6201171875,384
2023-01-26 15:00:00-05:00,5089.39990234375,5095.990234375,5078.990234375,5095.990234375,5095.990234375,431
2023-01-26 15:30:00-05:00,5094.97998046875,5116.85009765625,5090.0,5105.0,5105.0,1679
2023-01-27 09:30:00-05:00,5067.81982421875,5148.39013671875,5067.81982421875,5119.0,5119.0,576
2023-01-27 10:00:00-05:00,5120.2998046875,5145.0,5120.2998046875,5127.0,5127.0,546
2023-01-27 10:30:00-05:00,5144.89501953125,5144.89501953125,5120.0,5120.0,5120.0,325
2023-01-27 11:00:00-05:00,5124.16015625,5126.81982421875,5119.81982421875,5119.81982421875,5119.81982421875,227
2023-01-27 11:30:00-05:00,5123.8076171875,5141.0,5121.39990234375,5141.0,5141.0,416
2023-01-27 12:00:00-05:00,5130.0,5146.85986328125,5127.0,5133.4716796875,5133.4716796875,333
2023-01-27 12:30:00-05:00,5144.0,5147.77978515625,5128.81005859375,5128.81005859375,5128.81005859375,421
2023-01-27 13:00:00-05:00,5129.60986328125,5132.9521484375,5124.0,5132.35009765625,5132.35009765625,246
2023-01-27 13:30:00-05:00,5132.27001953125,5136.66015625,5119.8798828125,5119.8798828125,5119.8798828125,330
2023-01-27 14:00:00-05:00,5125.31005859375,5133.6298828125,5124.419921875,5127.01025390625,5127.01025390625,486
2023-01-27 14:30:00-05:00,5128.7998046875,5137.60009765625,5127.419921875,5132.0,5132.0,410
2023-01-27 15:00:00-05:00,5137.0,5148.0,5127.02490234375,5142.6083984375,5142.6083984375,629
2023-01-27 15:30:00-05:00,5144.4951171875,5149.990234375,5115.14990234375,5123.60009765625,5123.60009765625,1366
2023-01-30 09:30:00-05:00,5101.2099609375,5131.9248046875,5070.0,5089.9150390625,5089.9150390625,681
2023-01-30 10:00:00-05:00,5119.1298828125,5124.31494140625,5091.52001953125,5122.97998046875,5122.97998046875,1025
2023-01-30 10:30:00-05:00,5111.990234375,5111.990234375,5082.10009765625,5092.18994140625,5092.18994140625,623
2023-01-30 11:00:00-05:00,5087.7998046875,5108.0,5087.7998046875,5096.18994140625,5096.18994140625,930
2023-01-30 11:30:00-05:00,5097.0498046875,5100.06982421875,5083.0,5091.77001953125,5091.77001953125,915
2023-01-30 12:00:00-05:00,5089.2998046875,5092.27978515625,5082.68017578125,5086.0,5086.0,513
2023-01-30 12:30:00-05:00,5083.009765625,5083.009765625,5061.0,5066.0,5066.0,336
2023-01-30 13:00:00-05:00,5059.31982421875,5065.47998046875,5048.02978515625,5056.10986328125,5056.10986328125,1128
2023-01-30 13:30:00-05:00,5050.89013671875,5058.0,5048.259765625,5052.18017578125,5052.18017578125,452
2023-01-30 14:00:00-05:00,5048.1201171875,5053.009765625,5040.69482421875,5051.0,5051.0,872
2023-01-30 14:30:00-05:00,5052.990234375,5054.75,5042.06005859375,5050.03515625,5050.03515625,700
2023-01-30 15:00:00-05:00,5054.3701171875,5060.93994140625,5041.91015625,5042.06982421875,5042.06982421875,912
2023-01-30 15:30:00-05:00,5039.73486328125,5039.73486328125,5001.009765625,5016.81005859375,5016.81005859375,4124
2023-01-31 09:30:00-05:00,5199.0,5250.0,5151.16015625,5225.919921875,5225.919921875,3880
2023-01-31 10:00:00-05:00,5239.0,5250.0,5199.89990234375,5241.3798828125,5241.3798828125,3652
2023-01-31 10:30:00-05:00,5245.0,5320.0,5240.0,5320.0,5320.0,2802
2023-01-31 11:00:00-05:00,5343.89990234375,5349.990234375,5298.919921875,5298.919921875,5298.919921875,2332
2023-01-31 11:30:00-05:00,5290.0,5315.2900390625,5253.93017578125,5262.0,5262.0,1424
2023-01-31 12:00:00-05:00,5254.81005859375,5259.85009765625,5224.35986328125,5250.625,5250.625,889
2023-01-31 12:30:00-05:00,5250.4599609375,5278.89990234375,5244.39501953125,5274.85009765625,5274.85009765625,1453
2023-01-31 13:00:00-05:00,5285.39013671875,5294.18017578125,5276.5498046875,5285.56005859375,5285.56005859375,596
2023-01-31 13:30:00-05:00,5291.52001953125,5291.52001953125,5259.7548828125,5265.3701171875,5265.3701171875,1175
2023-01-31 14:00:00-05:00,5265.10986328125,5265.10986328125,5250.0,5250.0,5250.0,409
2023-01-31 14:30:00-05:00,5248.98486328125,5270.22021484375,5244.52001953125,5257.990234375,5257.990234375,1656
2023-01-31 15:00:00-05:00,5256.14990234375,5266.52490234375,5209.89990234375,5235.990234375,5235.990234375,1535
2023-01-31 15:30:00-05:00,5240.509765625,5297.0,5230.10986328125,5280.0,5280.0,5173
2023-02-01 09:30:00-05:00,5276.259765625,5293.7373046875,5230.0,5272.93505859375,5272.93505859375,1545
2023-02-01 10:00:00-05:00,5279.990234375,5286.990234375,5214.10986328125,5228.22998046875,5228.22998046875,1181
2023-02-01 10:30:00-05:00,5240.14990234375,5260.75,5211.10009765625,5220.0,5220.0,1292
2023-02-01 11:00:00-05:00,5220.7900390625,5242.39990234375,5209.89013671875,5224.0,5224.0,873
2023-02-01 11:30:00-05:00,5237.10009765625,5249.0498046875,5224.0,5224.0,5224.0,434
2023-02-01 12:00:00-05:00,5224.0,5248.3701171875,5215.06005859375,5233.5,5233.5,1347
2023-02-01 12:30:00-05:00,5238.52001953125,5268.3310546875,5233.31982421875,5239.919921875,5239.919921875,808
2023-02-01 13:00:00-05:00,5249.27978515625,5264.2900390625,5226.7001953125,5253.9501953125,5253.9501953125,1293
2023-02-01 13:30:00-05:00,5259.85009765625,5262.490234375,5240.1201171875,5240.1201171875,5240.1201171875,561
2023-02-01 14:00:00-05:00,5238.77978515625,5255.31982421875,5222.2001953125,5233.93994140625,5233.93994140625,1428
2023-02-01 14:30:00-05:00,5237.1298828125,5294.66015625,5185.115234375,5294.66015625,5294.66015625,3484
2023-02-01 15:00:00-05:00,5294.75,5351.990234375,5294.75,5347.990234375,5347.990234375,3144
2023-02-01 15:30:00-05:00,5349.39990234375,5376.0,5328.18017578125,5357.919921875,5357.919921875,3485
2023-02-02 09:30:00-05:00,5330.509765625,5437.80517578125,5330.509765625,5411.14013671875,5411.14013671875,3169
2023-02-02 10:00:00-05:00,5412.490234375,5464.4599609375,5370.0400390625,5450.0,5450.0,3697
2023-02-02 10:30:00-05:00,5450.0,5500.0,5430.1298828125,5490.0,5490.0,4601
2023-02-02 11:00:00-05:00,5480.0,5480.0,5429.958984375,5472.93017578125,5472.93017578125,2915
2023-02-02 11:30:00-05:00,5479.66015625,5479.66015625,5452.9599609375,5457.75,5457.75,1572
2023-02-02 12:00:00-05:00,5459.330078125,5467.9853515625,5448.7998046875,5467.9853515625,5467.9853515625,840
2023-02-02 12:30:00-05:00,5466.009765625,5466.009765625,5438.75,5445.0,5445.0,1179
2023-02-02 13:00:00-05:00,5449.56005859375,5460.01513671875,5399.4501953125,5429.64013671875,5429.64013671875,2733
2023-02-02 13:30:00-05:00,5430.43017578125,5472.27978515625,5430.43017578125,5466.0400390625,5466.0400390625,963
2023-02-02 14:00:00-05:00,5470.0,5470.0,5439.0,5446.27978515625,5446.27978515625,1306
2023-02-02 14:30:00-05:00,5440.125,5441.60986328125,5378.08984375,5380.0,5380.0,3167
2023-02-02 15:00:00-05:00,5383.6201171875,5389.97998046875,5376.455078125,5377.5,5377.5,1210
2023-02-02 15:30:00-05:00,5389.0,5410.56982421875,5304.27978515625,5404.759765625,5404.759765625,12391
2023-02-03 09:30:00-05:00,5307.31005859375,5359.72021484375,5290.06005859375,5318.96484375,5318.96484375,2137
2023-02-03 10:00:00-05:00,5315.06005859375,5349.15478515625,5295.580078125,5325.0,5325.0,2014
2023-02-03 10:30:00-05:00,5336.10009765625,5349.68994140625,5333.919921875,5336.7998046875,5336.7998046875,1845
2023-02-03 11:00:00-05:00,5337.31005859375,5349.68994140625,5306.7001953125,5311.47021484375,5311.47021484375,1806
2023-02-03 11:30:00-05:00,5311.47021484375,5313.8251953125,5280.7099609375,5292.72998046875,5292.72998046875,2360
2023-02-03 12:00:00-05:00,5290.0,5294.509765625,5273.4951171875,5281.490234375,5281.490234375,3077
2023-02-03 12:30:00-05:00,5281.97509765625,5297.48095703125,5252.43994140625,5265.0048828125,5265.0048828125,2188
2023-02-03 13:00:00-05:00,5262.77978515625,5262.77978515625,5236.31982421875,5236.31982421875,5236.31982421875,2058
2023-02-03 13:30:00-05:00,5233.7099609375,5239.8701171875,5200.10986328125,5213.18994140625,5213.18994140625,3981
2023-02-03 14:00:00-05:00,5215.0,5239.89990234375,5210.009765625,5229.14013671875,5229.14013671875,2442
2023-02-03 14:30:00-05:00,5234.2001953125,5244.18505859375,5218.0,5221.0,5221.0,1566
2023-02-03 15:00:00-05:00,5213.2548828125,5231.18994140625,5200.0,5221.98486328125,5221.98486328125,1615
2023-02-03 15:30:00-05:00,5225.0,5281.35009765625,5210.2099609375,5269.35986328125,5269.35986328125,7529
2023-02-06 09:30:00-05:00,5245.0,5245.0,5142.0,5171.64990234375,5171.64990234375,2736
2023-02-06 10:00:00-05:00,5184.77001953125,5210.740234375,5147.1201171875,5171.0,5171.0,4879
2023-02-06 10:30:00-05:00,5172.0,5196.97998046875,5164.919921875,5188.8701171875,5188.8701171875,2754
2023-02-06 11:00:00-05:00,5188.8701171875,5218.0,5170.89013671875,5175.2001953125,5175.2001953125,6978
2023-02-06 11:30:00-05:00,5180.10009765625,5182.634765625,5161.419921875,5164.9501953125,5164.9501953125,2032
2023-02-06 12:00:00-05:00,5164.93994140625,5164.93994140625,5129.2001953125,5155.0,5155.0,1970
2023-02-06 12:30:00-05:00,5159.0,5184.60986328125,5147.8701171875,5155.0,5155.0,8227
2023-02-06 13:00:00-05:00,5154.97998046875,5165.0,5129.27978515625,5152.0498046875,5152.0498046875,1987
2023-02-06 13:30:00-05:00,5150.2001953125,5159.0,5142.6201171875,5150.89013671875,5150.89013671875,1230
2023-02-06 14:00:00-05:00,5163.58984375,5180.0,5144.1298828125,5166.0,5166.0,6010
2023-02-06 14:30:00-05:00,5168.990234375,5173.490234375,5155.27978515625,5157.39990234375,5157.39990234375,1797
2023-02-06 15:00:00-05:00,5157.39990234375,5158.10986328125,5131.68994140625,5132.0,5132.0,1440
2023-02-06 15:30:00-05:00,5135.759765625,5147.18017578125,5116.990234375,5118.06982421875,5118.06982421875,6128
2023-02-07 09:30:00-05:00,5112.0,5112.0,5039.02001953125,5071.0,5071.0,1111
2023-02-07 10:00:00-05:00,5068.2900390625,5085.39990234375,5055.0,5077.7998046875,5077.7998046875,747
2023-02-07 10:30:00-05:00,5084.6748046875,5124.35986328125,5075.0,5109.89990234375,5109.89990234375,2181
2023-02-07 11:00:00-05:00,5108.1298828125,5108.1298828125,5070.240234375,5104.0,5104.0,2327
2023-02-07 11:30:00-05:00,5105.0,5140.0,5105.0,5128.0,5128.0,1519
2023-02-07 12:00:00-05:00,5139.3798828125,5156.009765625,5139.3798828125,5152.0,5152.0,1959
2023-02-07 12:30:00-05:00,5155.0,5214.419921875,5145.39990234375,5200.0,5200.0,7378
2023-02-07 13:00:00-05:00,5190.0,5191.06494140625,5130.0,5137.009765625,5137.009765625,8677
2023-02-07 13:30:00-05:00,5114.7998046875,5116.0,5093.0498046875,5100.0,5100.0,1821
2023-02-07 14:00:00-05:00,5109.68994140625,5140.0,5109.60009765625,5134.02001953125,5134.02001953125,1042
2023-02-07 14:30:00-05:00,5137.02001953125,5154.47509765625,5128.0,5147.93505859375,5147.93505859375,874
2023-02-07 15:00:00-05:00,5152.0,5169.47021484375,5135.0400390625,5169.47021484375,5169.47021484375,1484
2023-02-07 15:30:00-05:00,5167.0,5184.0,5137.10009765625,5156.10009765625,5156.10009765625,4101
2023-02-08 09:30:00-05:00,5132.25,5132.25,5071.830078125,5102.18603515625,5102.18603515625,838
2023-02-08 10:00:00-05:00,5089.81005859375,5097.384765625,5055.2001953125,5057.0,5057.0,1144
2023-02-08 10:30:00-05:00,5050.0,5050.0,5017.10986328125,5023.7900390625,5023.7900390625,1665
2023-02-08 11:00:00-05:00,5014.06005859375,5026.46484375,4993.0,5000.0,5000.0,1476
2023-02-08 11:30:00-05:00,5000.009765625,5025.43017578125,4993.14013671875,5020.0,5020.0,869
2023-02-08 12:00:00-05:00,5024.169921875,5024.169921875,4988.990234375,5002.39990234375,5002.39990234375,1249
2023-02-08 12:30:00-05:00,5015.25,5047.0,5008.41015625,5039.80517578125,5039.80517578125,1046
2023-02-08 13:00:00-05:00,5036.10009765625,5060.0,5033.25,5035.16015625,5035.16015625,1274
2023-02-08 13:30:00-05:00,5009.7998046875,5031.2900390625,5002.81982421875,5008.7900390625,5008.7900390625,870
2023-02-08 14:00:00-05:00,5009.0,5032.51513671875,5005.75,5009.7998046875,5009.7998046875,1214
2023-02-08 14:30:00-05:00,5009.97998046875,5018.2001953125,5001.10009765625,5018.0,5018.0,1203
2023-02-08 15:00:00-05:00,5015.0,5027.0849609375,4996.89990234375,5009.9501953125,5009.9501953125,1874
2023-02-08 15:30:00-05:00,5008.22998046875,5018.0,4992.7998046875,4999.22021484375,4999.22021484375,4356
2023-02-09 09:30:00-05:00,5069.4501953125,5080.6201171875,5050.0,5064.990234375,5064.990234375,2139
2023-02-09 10:00:00-05:00,5065.2099609375,5088.4638671875,5051.75,5086.97021484375,5086.97021484375,1898
2023-02-09 10:30:00-05:00,5074.93994140625,5104.43017578125,5070.0,5104.43017578125,5104.43017578125,1089
2023-02-09 11:00:00-05:00,5104.97998046875,5110.0,5074.06005859375,5098.0,5098.0,929
2023-02-09 11:30:00-05:00,5098.0,5098.0,5080.0,5094.0,5094.0,523
2023-02-09 12:00:00-05:00,5094.990234375,5107.0,5084.68017578125,5084.68017578125,5084.68017578125,978
2023-02-09 12:30:00-05:00,5084.68017578125,5086.0,5060.7900390625,5073.990234375,5073.990234375,899
2023-02-09 13:00:00-05:00,5060.02001953125,5084.0,5059.0,5080.0,5080.0,858
2023-02-09 13:30:00-05:00,5078.81982421875,5079.89990234375,5070.3701171875,5070.3701171875,5070.3701171875,681
2023-02-09 14:00:00-05:00,5074.080078125,5079.39990234375,5074.080078125,5074.89013671875,5074.89013671875,433
2023-02-09 14:30:00-05:00,5078.93994140625,5081.75,5065.2001953125,5073.89013671875,5073.89013671875,982
2023-02-09 15:00:00-05:00,5063.75,5068.93017578125,5045.6201171875,5054.9501953125,5054.9501953125,1198
2023-02-09 15:30:00-05:00,5061.93994140625,5070.0,5046.41015625,5051.4599609375,5051.4599609375,4924
2023-02-10 09:30:00-05:00,5032.8798828125,5071.259765625,5032.8798828125,5063.41015625,5063.41015625,418
2023-02-10 10:00:00-05:00,5063.41015625,5095.1201171875,5019.7099609375,5089.0,5089.0,932
2023-02-10 10:30:00-05:00,5089.0,5099.52490234375,5069.39013671875,5070.990234375,5070.990234375,723
2023-02-10 11:00:00-05:00,5072.10009765625,5079.64501953125,5048.0,5061.6298828125,5061.6298828125,586
2023-02-10 11:30:00-05:00,5061.0,5067.169921875,5056.10009765625,5056.10009765625,5056.10009765625,827
2023-02-10 12:00:00-05:00,5053.12255859375,5053.12255859375,5043.7099609375,5043.7099609375,5043.7099609375,360
2023-02-10 12:30:00-05:00,5047.9599609375,5063.35009765625,5047.9599609375,5057.64013671875,5057.64013671875,567
2023-02-10 13:00:00-05:00,5063.8701171875,5079.990234375,5060.615234375,5077.0,5077.0,646
2023-02-10 13:30:00-05:00,5074.18017578125,5074.18017578125,5039.0498046875,5040.18017578125,5040.18017578125,845
2023-02-10 14:00:00-05:00,5041.009765625,5052.66015625,5037.10009765625,5037.10009765625,5037.10009765625,660
2023-02-10 14:30:00-05:00,5045.0,5052.72021484375,5040.02001953125,5043.2001953125,5043.2001953125,660
2023-02-10 15:00:00-05:00,5052.72021484375,5071.0,5052.72021484375,5071.0,5071.0,891
2023-02-10 15:30:00-05:00,5071.0,5095.97998046875,5062.7998046875,5084.52978515625,5084.52978515625,2459
2023-02-10 16:00:00-05:00,5078.25,5078.25,5078.25,5078.25,5078.25,0
